Visitor/Neutral,Home/Neutral,Date,Start (ET),PTS,PTS
Boston Celtics,Cleveland Cavaliers,Tue Oct 17 2017,8:01 pm,99,102
Houston Rockets,Golden State Warriors,Tue Oct 17 2017,10:30 pm,122,121
Milwaukee Bucks,Boston Celtics,Wed Oct 18 2017,7:30 pm,108,100
Atlanta Hawks,Dallas Mavericks,Wed Oct 18 2017,8:30 pm,117,111
Charlotte Hornets,Detroit Pistons,Wed Oct 18 2017,7:00 pm,90,102
Brooklyn Nets,Indiana Pacers,Wed Oct 18 2017,7:00 pm,131,140
New Orleans Pelicans,Memphis Grizzlies,Wed Oct 18 2017,8:00 pm,91,103
Miami Heat,Orlando Magic,Wed Oct 18 2017,7:00 pm,109,116
Portland Trail Blazers,Phoenix Suns,Wed Oct 18 2017,10:00 pm,124,76
Houston Rockets,Sacramento Kings,Wed Oct 18 2017,10:00 pm,105,100
Minnesota Timberwolves,San Antonio Spurs,Wed Oct 18 2017,9:30 pm,99,107
Denver Nuggets,Utah Jazz,Wed Oct 18 2017,9:00 pm,96,106
Philadelphia 76ers,Washington Wizards,Wed Oct 18 2017,7:00 pm,115,120
Los Angeles Clippers,Los Angeles Lakers,Thu Oct 19 2017,10:30 pm,108,92
New York Knicks,Oklahoma City Thunder,Thu Oct 19 2017,8:00 pm,84,105
Chicago Bulls,Toronto Raptors,Thu Oct 19 2017,7:30 pm,100,117
Orlando Magic,Brooklyn Nets,Fri Oct 20 2017,7:30 pm,121,126
Atlanta Hawks,Charlotte Hornets,Fri Oct 20 2017,7:00 pm,91,109
Sacramento Kings,Dallas Mavericks,Fri Oct 20 2017,8:30 pm,93,88
Portland Trail Blazers,Indiana Pacers,Fri Oct 20 2017,7:00 pm,114,96
Cleveland Cavaliers,Milwaukee Bucks,Fri Oct 20 2017,7:00 pm,116,97
Utah Jazz,Minnesota Timberwolves,Fri Oct 20 2017,8:00 pm,97,100
Golden State Warriors,New Orleans Pelicans,Fri Oct 20 2017,9:30 pm,128,120
Boston Celtics,Philadelphia 76ers,Fri Oct 20 2017,7:00 pm,102,92
Los Angeles Lakers,Phoenix Suns,Fri Oct 20 2017,10:00 pm,132,130
Detroit Pistons,Washington Wizards,Fri Oct 20 2017,7:00 pm,111,115
San Antonio Spurs,Chicago Bulls,Sat Oct 21 2017,8:00 pm,87,77
Orlando Magic,Cleveland Cavaliers,Sat Oct 21 2017,8:00 pm,114,93
Sacramento Kings,Denver Nuggets,Sat Oct 21 2017,9:00 pm,79,96
Dallas Mavericks,Houston Rockets,Sat Oct 21 2017,8:00 pm,91,107
Phoenix Suns,Los Angeles Clippers,Sat Oct 21 2017,10:30 pm,88,130
Golden State Warriors,Memphis Grizzlies,Sat Oct 21 2017,8:00 pm,101,111
Indiana Pacers,Miami Heat,Sat Oct 21 2017,8:00 pm,108,112
Portland Trail Blazers,Milwaukee Bucks,Sat Oct 21 2017,8:30 pm,110,113
Detroit Pistons,New York Knicks,Sat Oct 21 2017,8:00 pm,111,107
Philadelphia 76ers,Toronto Raptors,Sat Oct 21 2017,7:30 pm,94,128
Oklahoma City Thunder,Utah Jazz,Sat Oct 21 2017,9:00 pm,87,96
Atlanta Hawks,Brooklyn Nets,Sun Oct 22 2017,3:30 pm,104,116
New Orleans Pelicans,Los Angeles Lakers,Sun Oct 22 2017,9:30 pm,119,112
Minnesota Timberwolves,Oklahoma City Thunder,Sun Oct 22 2017,7:00 pm,115,113
Golden State Warriors,Dallas Mavericks,Mon Oct 23 2017,8:30 pm,133,103
Washington Wizards,Denver Nuggets,Mon Oct 23 2017,9:00 pm,109,104
Philadelphia 76ers,Detroit Pistons,Mon Oct 23 2017,7:00 pm,97,86
Memphis Grizzlies,Houston Rockets,Mon Oct 23 2017,8:00 pm,98,90
Atlanta Hawks,Miami Heat,Mon Oct 23 2017,7:30 pm,93,104
Charlotte Hornets,Milwaukee Bucks,Mon Oct 23 2017,8:00 pm,94,103
Sacramento Kings,Phoenix Suns,Mon Oct 23 2017,10:00 pm,115,117
Toronto Raptors,San Antonio Spurs,Mon Oct 23 2017,8:30 pm,97,101
New York Knicks,Boston Celtics,Tue Oct 24 2017,7:30 pm,89,110
Chicago Bulls,Cleveland Cavaliers,Tue Oct 24 2017,7:00 pm,112,119
Utah Jazz,Los Angeles Clippers,Tue Oct 24 2017,10:30 pm,84,102
Indiana Pacers,Minnesota Timberwolves,Tue Oct 24 2017,8:00 pm,130,107
Brooklyn Nets,Orlando Magic,Tue Oct 24 2017,7:00 pm,121,125
New Orleans Pelicans,Portland Trail Blazers,Tue Oct 24 2017,10:00 pm,93,103
Cleveland Cavaliers,Brooklyn Nets,Wed Oct 25 2017,7:30 pm,107,112
Denver Nuggets,Charlotte Hornets,Wed Oct 25 2017,7:00 pm,93,110
Memphis Grizzlies,Dallas Mavericks,Wed Oct 25 2017,8:30 pm,94,103
Minnesota Timberwolves,Detroit Pistons,Wed Oct 25 2017,7:00 pm,101,122
Toronto Raptors,Golden State Warriors,Wed Oct 25 2017,10:30 pm,112,117
Washington Wizards,Los Angeles Lakers,Wed Oct 25 2017,10:30 pm,99,102
San Antonio Spurs,Miami Heat,Wed Oct 25 2017,8:00 pm,117,100
Indiana Pacers,Oklahoma City Thunder,Wed Oct 25 2017,8:00 pm,96,114
Houston Rockets,Philadelphia 76ers,Wed Oct 25 2017,7:00 pm,105,104
Utah Jazz,Phoenix Suns,Wed Oct 25 2017,10:00 pm,88,97
Atlanta Hawks,Chicago Bulls,Thu Oct 26 2017,8:00 pm,86,91
Dallas Mavericks,Memphis Grizzlies,Thu Oct 26 2017,8:00 pm,91,96
Boston Celtics,Milwaukee Bucks,Thu Oct 26 2017,8:00 pm,96,89
Los Angeles Clippers,Portland Trail Blazers,Thu Oct 26 2017,10:00 pm,104,103
New Orleans Pelicans,Sacramento Kings,Thu Oct 26 2017,10:30 pm,114,106
Denver Nuggets,Atlanta Hawks,Fri Oct 27 2017,7:30 pm,105,100
Houston Rockets,Charlotte Hornets,Fri Oct 27 2017,7:00 pm,109,93
Washington Wizards,Golden State Warriors,Fri Oct 27 2017,10:30 pm,117,120
Toronto Raptors,Los Angeles Lakers,Fri Oct 27 2017,10:30 pm,101,92
Oklahoma City Thunder,Minnesota Timberwolves,Fri Oct 27 2017,8:00 pm,116,119
Brooklyn Nets,New York Knicks,Fri Oct 27 2017,7:30 pm,86,107
San Antonio Spurs,Orlando Magic,Fri Oct 27 2017,7:00 pm,87,114
Oklahoma City Thunder,Chicago Bulls,Sat Oct 28 2017,8:00 pm,101,69
Philadelphia 76ers,Dallas Mavericks,Sat Oct 28 2017,8:30 pm,112,110
Detroit Pistons,Los Angeles Clippers,Sat Oct 28 2017,10:30 pm,95,87
Houston Rockets,Memphis Grizzlies,Sat Oct 28 2017,8:00 pm,89,103
Boston Celtics,Miami Heat,Sat Oct 28 2017,8:00 pm,96,90
Cleveland Cavaliers,New Orleans Pelicans,Sat Oct 28 2017,7:00 pm,101,123
Phoenix Suns,Portland Trail Blazers,Sat Oct 28 2017,10:00 pm,107,114
Los Angeles Lakers,Utah Jazz,Sat Oct 28 2017,9:00 pm,81,96
Milwaukee Bucks,Atlanta Hawks,Sun Oct 29 2017,3:30 pm,117,106
Denver Nuggets,Brooklyn Nets,Sun Oct 29 2017,6:00 pm,124,111
Orlando Magic,Charlotte Hornets,Sun Oct 29 2017,6:00 pm,113,120
New York Knicks,Cleveland Cavaliers,Sun Oct 29 2017,7:00 pm,114,95
Detroit Pistons,Golden State Warriors,Sun Oct 29 2017,8:30 pm,115,107
San Antonio Spurs,Indiana Pacers,Sun Oct 29 2017,4:30 pm,94,97
Washington Wizards,Sacramento Kings,Sun Oct 29 2017,6:00 pm,110,83
San Antonio Spurs,Boston Celtics,Mon Oct 30 2017,7:30 pm,94,108
Philadelphia 76ers,Houston Rockets,Mon Oct 30 2017,8:00 pm,115,107
Golden State Warriors,Los Angeles Clippers,Mon Oct 30 2017,10:30 pm,141,113
Charlotte Hornets,Memphis Grizzlies,Mon Oct 30 2017,8:00 pm,104,99
Minnesota Timberwolves,Miami Heat,Mon Oct 30 2017,7:30 pm,125,122
Orlando Magic,New Orleans Pelicans,Mon Oct 30 2017,8:00 pm,115,99
Denver Nuggets,New York Knicks,Mon Oct 30 2017,7:30 pm,110,116
Toronto Raptors,Portland Trail Blazers,Mon Oct 30 2017,10:00 pm,99,85
Dallas Mavericks,Utah Jazz,Mon Oct 30 2017,9:00 pm,89,104
Phoenix Suns,Brooklyn Nets,Tue Oct 31 2017,7:30 pm,122,114
Sacramento Kings,Indiana Pacers,Tue Oct 31 2017,7:00 pm,83,101
Detroit Pistons,Los Angeles Lakers,Tue Oct 31 2017,10:30 pm,93,113
Oklahoma City Thunder,Milwaukee Bucks,Tue Oct 31 2017,8:00 pm,110,91
Sacramento Kings,Boston Celtics,Wed Nov 1 2017,7:30 pm,86,113
Milwaukee Bucks,Charlotte Hornets,Wed Nov 1 2017,7:00 pm,121,126
Indiana Pacers,Cleveland Cavaliers,Wed Nov 1 2017,7:00 pm,124,107
Toronto Raptors,Denver Nuggets,Wed Nov 1 2017,9:00 pm,111,129
Dallas Mavericks,Los Angeles Clippers,Wed Nov 1 2017,10:30 pm,98,119
Orlando Magic,Memphis Grizzlies,Wed Nov 1 2017,8:00 pm,101,99
Chicago Bulls,Miami Heat,Wed Nov 1 2017,7:30 pm,91,97
Minnesota Timberwolves,New Orleans Pelicans,Wed Nov 1 2017,8:00 pm,104,98
Houston Rockets,New York Knicks,Wed Nov 1 2017,8:00 pm,119,97
Atlanta Hawks,Philadelphia 76ers,Wed Nov 1 2017,7:00 pm,109,119
Portland Trail Blazers,Utah Jazz,Wed Nov 1 2017,9:00 pm,103,112
Phoenix Suns,Washington Wizards,Wed Nov 1 2017,7:00 pm,122,116
Los Angeles Lakers,Portland Trail Blazers,Thu Nov 2 2017,10:30 pm,110,113
Golden State Warriors,San Antonio Spurs,Thu Nov 2 2017,8:00 pm,112,92
Houston Rockets,Atlanta Hawks,Fri Nov 3 2017,7:30 pm,119,104
New Orleans Pelicans,Dallas Mavericks,Fri Nov 3 2017,8:30 pm,99,94
Miami Heat,Denver Nuggets,Fri Nov 3 2017,9:00 pm,94,95
Milwaukee Bucks,Detroit Pistons,Fri Nov 3 2017,7:00 pm,96,105
Brooklyn Nets,Los Angeles Lakers,Fri Nov 3 2017,10:30 pm,112,124
Phoenix Suns,New York Knicks,Fri Nov 3 2017,7:30 pm,107,120
Boston Celtics,Oklahoma City Thunder,Fri Nov 3 2017,9:30 pm,101,94
Chicago Bulls,Orlando Magic,Fri Nov 3 2017,7:00 pm,105,83
Indiana Pacers,Philadelphia 76ers,Fri Nov 3 2017,7:00 pm,110,121
Charlotte Hornets,San Antonio Spurs,Fri Nov 3 2017,8:30 pm,101,108
Toronto Raptors,Utah Jazz,Fri Nov 3 2017,9:00 pm,109,100
Cleveland Cavaliers,Washington Wizards,Fri Nov 3 2017,7:00 pm,130,122
New Orleans Pelicans,Chicago Bulls,Sat Nov 4 2017,8:00 pm,96,90
Golden State Warriors,Denver Nuggets,Sat Nov 4 2017,9:00 pm,127,108
Sacramento Kings,Detroit Pistons,Sat Nov 4 2017,7:00 pm,99,108
Memphis Grizzlies,Los Angeles Clippers,Sat Nov 4 2017,3:30 pm,113,104
Dallas Mavericks,Minnesota Timberwolves,Sat Nov 4 2017,8:00 pm,99,112
Atlanta Hawks,Cleveland Cavaliers,Sun Nov 5 2017,3:00 pm,117,115
Utah Jazz,Houston Rockets,Sun Nov 5 2017,7:00 pm,110,137
Miami Heat,Los Angeles Clippers,Sun Nov 5 2017,3:30 pm,104,101
Memphis Grizzlies,Los Angeles Lakers,Sun Nov 5 2017,9:30 pm,102,107
Charlotte Hornets,Minnesota Timberwolves,Sun Nov 5 2017,8:00 pm,94,112
Indiana Pacers,New York Knicks,Sun Nov 5 2017,7:30 pm,101,108
Boston Celtics,Orlando Magic,Sun Nov 5 2017,6:00 pm,104,88
Oklahoma City Thunder,Portland Trail Blazers,Sun Nov 5 2017,9:00 pm,99,103
Phoenix Suns,San Antonio Spurs,Sun Nov 5 2017,7:00 pm,95,112
Washington Wizards,Toronto Raptors,Sun Nov 5 2017,6:00 pm,107,96
Boston Celtics,Atlanta Hawks,Mon Nov 6 2017,7:30 pm,110,107
Miami Heat,Golden State Warriors,Mon Nov 6 2017,10:30 pm,80,97
Brooklyn Nets,Phoenix Suns,Mon Nov 6 2017,9:00 pm,98,92
Milwaukee Bucks,Cleveland Cavaliers,Tue Nov 7 2017,7:00 pm,119,124
Brooklyn Nets,Denver Nuggets,Tue Nov 7 2017,9:00 pm,104,112
New Orleans Pelicans,Indiana Pacers,Tue Nov 7 2017,7:00 pm,117,112
Charlotte Hornets,New York Knicks,Tue Nov 7 2017,7:30 pm,113,118
Memphis Grizzlies,Portland Trail Blazers,Tue Nov 7 2017,10:00 pm,98,97
Oklahoma City Thunder,Sacramento Kings,Tue Nov 7 2017,10:00 pm,86,94
Los Angeles Clippers,San Antonio Spurs,Tue Nov 7 2017,8:30 pm,107,120
Chicago Bulls,Toronto Raptors,Tue Nov 7 2017,7:30 pm,114,119
Philadelphia 76ers,Utah Jazz,Tue Nov 7 2017,9:00 pm,104,97
Dallas Mavericks,Washington Wizards,Tue Nov 7 2017,7:00 pm,113,99
Los Angeles Lakers,Boston Celtics,Wed Nov 8 2017,8:00 pm,96,107
Indiana Pacers,Detroit Pistons,Wed Nov 8 2017,7:00 pm,97,114
Minnesota Timberwolves,Golden State Warriors,Wed Nov 8 2017,10:30 pm,101,125
New York Knicks,Orlando Magic,Wed Nov 8 2017,7:00 pm,99,112
Miami Heat,Phoenix Suns,Wed Nov 8 2017,9:00 pm,126,115
Oklahoma City Thunder,Denver Nuggets,Thu Nov 9 2017,10:30 pm,94,102
Cleveland Cavaliers,Houston Rockets,Thu Nov 9 2017,8:00 pm,113,117
Philadelphia 76ers,Sacramento Kings,Thu Nov 9 2017,10:00 pm,108,109
New Orleans Pelicans,Toronto Raptors,Thu Nov 9 2017,7:30 pm,118,122
Los Angeles Lakers,Washington Wizards,Thu Nov 9 2017,7:00 pm,95,111
Charlotte Hornets,Boston Celtics,Fri Nov 10 2017,7:30 pm,87,90
Indiana Pacers,Chicago Bulls,Fri Nov 10 2017,8:00 pm,105,87
Atlanta Hawks,Detroit Pistons,Fri Nov 10 2017,7:00 pm,104,111
Los Angeles Clippers,Oklahoma City Thunder,Fri Nov 10 2017,9:00 pm,111,120
Orlando Magic,Phoenix Suns,Fri Nov 10 2017,9:00 pm,128,112
Brooklyn Nets,Portland Trail Blazers,Fri Nov 10 2017,10:00 pm,101,97
Milwaukee Bucks,San Antonio Spurs,Fri Nov 10 2017,9:00 pm,94,87
Miami Heat,Utah Jazz,Fri Nov 10 2017,9:00 pm,84,74
Cleveland Cavaliers,Dallas Mavericks,Sat Nov 11 2017,8:30 pm,111,104
Orlando Magic,Denver Nuggets,Sat Nov 11 2017,9:00 pm,107,125
Philadelphia 76ers,Golden State Warriors,Sat Nov 11 2017,8:30 pm,114,135
Memphis Grizzlies,Houston Rockets,Sat Nov 11 2017,8:00 pm,96,111
Los Angeles Lakers,Milwaukee Bucks,Sat Nov 11 2017,8:30 pm,90,98
Los Angeles Clippers,New Orleans Pelicans,Sat Nov 11 2017,7:00 pm,103,111
Sacramento Kings,New York Knicks,Sat Nov 11 2017,8:00 pm,91,118
Minnesota Timberwolves,Phoenix Suns,Sat Nov 11 2017,9:00 pm,110,118
Chicago Bulls,San Antonio Spurs,Sat Nov 11 2017,8:30 pm,94,133
Brooklyn Nets,Utah Jazz,Sat Nov 11 2017,9:00 pm,106,114
Atlanta Hawks,Washington Wizards,Sat Nov 11 2017,7:00 pm,94,113
Toronto Raptors,Boston Celtics,Sun Nov 12 2017,3:30 pm,94,95
Miami Heat,Detroit Pistons,Sun Nov 12 2017,4:00 pm,103,112
Houston Rockets,Indiana Pacers,Sun Nov 12 2017,6:00 pm,118,95
Dallas Mavericks,Oklahoma City Thunder,Sun Nov 12 2017,7:00 pm,99,112
Orlando Magic,Golden State Warriors,Mon Nov 13 2017,10:30 pm,100,110
Philadelphia 76ers,Los Angeles Clippers,Mon Nov 13 2017,10:30 pm,109,105
Memphis Grizzlies,Milwaukee Bucks,Mon Nov 13 2017,8:00 pm,103,110
Atlanta Hawks,New Orleans Pelicans,Mon Nov 13 2017,8:00 pm,105,106
Cleveland Cavaliers,New York Knicks,Mon Nov 13 2017,7:30 pm,104,101
Los Angeles Lakers,Phoenix Suns,Mon Nov 13 2017,9:00 pm,100,93
Denver Nuggets,Portland Trail Blazers,Mon Nov 13 2017,10:00 pm,82,99
Minnesota Timberwolves,Utah Jazz,Mon Nov 13 2017,9:00 pm,109,98
Sacramento Kings,Washington Wizards,Mon Nov 13 2017,7:00 pm,92,110
Boston Celtics,Brooklyn Nets,Tue Nov 14 2017,7:30 pm,109,102
San Antonio Spurs,Dallas Mavericks,Tue Nov 14 2017,8:30 pm,97,91
Toronto Raptors,Houston Rockets,Tue Nov 14 2017,8:00 pm,129,113
Sacramento Kings,Atlanta Hawks,Wed Nov 15 2017,7:30 pm,80,126
Cleveland Cavaliers,Charlotte Hornets,Wed Nov 15 2017,8:00 pm,115,107
Philadelphia 76ers,Los Angeles Lakers,Wed Nov 15 2017,10:30 pm,115,109
Indiana Pacers,Memphis Grizzlies,Wed Nov 15 2017,8:00 pm,116,113
Washington Wizards,Miami Heat,Wed Nov 15 2017,7:30 pm,102,93
Detroit Pistons,Milwaukee Bucks,Wed Nov 15 2017,8:00 pm,95,99
San Antonio Spurs,Minnesota Timberwolves,Wed Nov 15 2017,8:00 pm,86,98
Toronto Raptors,New Orleans Pelicans,Wed Nov 15 2017,8:00 pm,125,116
Utah Jazz,New York Knicks,Wed Nov 15 2017,7:30 pm,101,106
Chicago Bulls,Oklahoma City Thunder,Wed Nov 15 2017,8:00 pm,79,92
Orlando Magic,Portland Trail Blazers,Wed Nov 15 2017,10:00 pm,94,99
Golden State Warriors,Boston Celtics,Thu Nov 16 2017,8:00 pm,88,92
Houston Rockets,Phoenix Suns,Thu Nov 16 2017,10:30 pm,142,116
Utah Jazz,Brooklyn Nets,Fri Nov 17 2017,7:30 pm,107,118
Charlotte Hornets,Chicago Bulls,Fri Nov 17 2017,8:00 pm,120,123
Los Angeles Clippers,Cleveland Cavaliers,Fri Nov 17 2017,7:30 pm,113,118
Minnesota Timberwolves,Dallas Mavericks,Fri Nov 17 2017,8:30 pm,111,87
New Orleans Pelicans,Denver Nuggets,Fri Nov 17 2017,10:30 pm,114,146
Detroit Pistons,Indiana Pacers,Fri Nov 17 2017,7:00 pm,100,107
Phoenix Suns,Los Angeles Lakers,Fri Nov 17 2017,10:30 pm,122,113
Portland Trail Blazers,Sacramento Kings,Fri Nov 17 2017,10:00 pm,82,86
Oklahoma City Thunder,San Antonio Spurs,Fri Nov 17 2017,8:00 pm,101,104
New York Knicks,Toronto Raptors,Fri Nov 17 2017,7:30 pm,84,107
Miami Heat,Washington Wizards,Fri Nov 17 2017,7:00 pm,91,88
Boston Celtics,Atlanta Hawks,Sat Nov 18 2017,7:30 pm,110,99
Los Angeles Clippers,Charlotte Hornets,Sat Nov 18 2017,7:00 pm,87,102
Milwaukee Bucks,Dallas Mavericks,Sat Nov 18 2017,9:00 pm,79,111
Houston Rockets,Memphis Grizzlies,Sat Nov 18 2017,8:00 pm,105,83
Utah Jazz,Orlando Magic,Sat Nov 18 2017,7:00 pm,125,85
Golden State Warriors,Philadelphia 76ers,Sat Nov 18 2017,7:30 pm,124,116
Sacramento Kings,Portland Trail Blazers,Sat Nov 18 2017,10:00 pm,90,102
Golden State Warriors,Brooklyn Nets,Sun Nov 19 2017,6:00 pm,118,111
Denver Nuggets,Los Angeles Lakers,Sun Nov 19 2017,9:30 pm,109,127
Indiana Pacers,Miami Heat,Sun Nov 19 2017,5:00 pm,120,95
Detroit Pistons,Minnesota Timberwolves,Sun Nov 19 2017,7:00 pm,100,97
Chicago Bulls,Phoenix Suns,Sun Nov 19 2017,8:00 pm,105,113
Washington Wizards,Toronto Raptors,Sun Nov 19 2017,3:30 pm,91,100
Minnesota Timberwolves,Charlotte Hornets,Mon Nov 20 2017,7:00 pm,102,118
Boston Celtics,Dallas Mavericks,Mon Nov 20 2017,8:30 pm,110,102
Cleveland Cavaliers,Detroit Pistons,Mon Nov 20 2017,7:00 pm,116,88
Portland Trail Blazers,Memphis Grizzlies,Mon Nov 20 2017,8:00 pm,100,92
Washington Wizards,Milwaukee Bucks,Mon Nov 20 2017,8:00 pm,99,88
Oklahoma City Thunder,New Orleans Pelicans,Mon Nov 20 2017,8:00 pm,107,114
Los Angeles Clippers,New York Knicks,Mon Nov 20 2017,7:30 pm,85,107
Indiana Pacers,Orlando Magic,Mon Nov 20 2017,7:00 pm,105,97
Utah Jazz,Philadelphia 76ers,Mon Nov 20 2017,7:00 pm,86,107
Denver Nuggets,Sacramento Kings,Mon Nov 20 2017,10:00 pm,114,98
Atlanta Hawks,San Antonio Spurs,Mon Nov 20 2017,8:30 pm,85,96
Chicago Bulls,Los Angeles Lakers,Tue Nov 21 2017,10:30 pm,94,103
Los Angeles Clippers,Atlanta Hawks,Wed Nov 22 2017,7:30 pm,116,103
Washington Wizards,Charlotte Hornets,Wed Nov 22 2017,7:00 pm,124,129
Brooklyn Nets,Cleveland Cavaliers,Wed Nov 22 2017,7:00 pm,109,119
Denver Nuggets,Houston Rockets,Wed Nov 22 2017,8:00 pm,95,125
Dallas Mavericks,Memphis Grizzlies,Wed Nov 22 2017,8:00 pm,95,94
Boston Celtics,Miami Heat,Wed Nov 22 2017,7:30 pm,98,104
Orlando Magic,Minnesota Timberwolves,Wed Nov 22 2017,8:00 pm,118,124
San Antonio Spurs,New Orleans Pelicans,Wed Nov 22 2017,8:00 pm,90,107
Toronto Raptors,New York Knicks,Wed Nov 22 2017,7:30 pm,100,108
Golden State Warriors,Oklahoma City Thunder,Wed Nov 22 2017,8:00 pm,91,108
Portland Trail Blazers,Philadelphia 76ers,Wed Nov 22 2017,7:00 pm,81,101
Milwaukee Bucks,Phoenix Suns,Wed Nov 22 2017,9:00 pm,113,107
Los Angeles Lakers,Sacramento Kings,Wed Nov 22 2017,10:30 pm,102,113
Chicago Bulls,Utah Jazz,Wed Nov 22 2017,9:00 pm,80,110
New York Knicks,Atlanta Hawks,Fri Nov 24 2017,7:30 pm,104,116
Orlando Magic,Boston Celtics,Fri Nov 24 2017,7:30 pm,103,118
Portland Trail Blazers,Brooklyn Nets,Fri Nov 24 2017,12:00 pm,127,125
Charlotte Hornets,Cleveland Cavaliers,Fri Nov 24 2017,8:00 pm,99,100
Memphis Grizzlies,Denver Nuggets,Fri Nov 24 2017,9:00 pm,92,104
Chicago Bulls,Golden State Warriors,Fri Nov 24 2017,10:30 pm,94,143
Toronto Raptors,Indiana Pacers,Fri Nov 24 2017,8:00 pm,104,107
Miami Heat,Minnesota Timberwolves,Fri Nov 24 2017,8:00 pm,109,97
Detroit Pistons,Oklahoma City Thunder,Fri Nov 24 2017,8:00 pm,99,98
New Orleans Pelicans,Phoenix Suns,Fri Nov 24 2017,9:00 pm,115,91
Toronto Raptors,Atlanta Hawks,Sat Nov 25 2017,7:30 pm,112,78
San Antonio Spurs,Charlotte Hornets,Sat Nov 25 2017,7:00 pm,106,86
Oklahoma City Thunder,Dallas Mavericks,Sat Nov 25 2017,8:30 pm,81,97
New Orleans Pelicans,Golden State Warriors,Sat Nov 25 2017,8:30 pm,95,110
New York Knicks,Houston Rockets,Sat Nov 25 2017,8:00 pm,102,117
Boston Celtics,Indiana Pacers,Sat Nov 25 2017,8:00 pm,108,98
Orlando Magic,Philadelphia 76ers,Sat Nov 25 2017,7:00 pm,111,130
Los Angeles Clippers,Sacramento Kings,Sat Nov 25 2017,10:00 pm,97,95
Milwaukee Bucks,Utah Jazz,Sat Nov 25 2017,9:00 pm,108,121
Portland Trail Blazers,Washington Wizards,Sat Nov 25 2017,7:00 pm,108,105
Miami Heat,Chicago Bulls,Sun Nov 26 2017,3:30 pm,100,93
Brooklyn Nets,Memphis Grizzlies,Sun Nov 26 2017,6:00 pm,98,88
Phoenix Suns,Minnesota Timberwolves,Sun Nov 26 2017,3:30 pm,108,119
Detroit Pistons,Boston Celtics,Mon Nov 27 2017,7:30 pm,118,108
Sacramento Kings,Golden State Warriors,Mon Nov 27 2017,10:30 pm,110,106
Brooklyn Nets,Houston Rockets,Mon Nov 27 2017,8:00 pm,103,117
Orlando Magic,Indiana Pacers,Mon Nov 27 2017,7:00 pm,109,121
Los Angeles Lakers,Los Angeles Clippers,Mon Nov 27 2017,10:30 pm,115,120
Portland Trail Blazers,New York Knicks,Mon Nov 27 2017,7:30 pm,103,91
Cleveland Cavaliers,Philadelphia 76ers,Mon Nov 27 2017,7:00 pm,113,91
Dallas Mavericks,San Antonio Spurs,Mon Nov 27 2017,8:30 pm,108,115
Phoenix Suns,Chicago Bulls,Tue Nov 28 2017,8:00 pm,104,99
Miami Heat,Cleveland Cavaliers,Tue Nov 28 2017,7:00 pm,97,108
Washington Wizards,Minnesota Timberwolves,Tue Nov 28 2017,8:00 pm,92,89
Milwaukee Bucks,Sacramento Kings,Tue Nov 28 2017,10:00 pm,112,87
Denver Nuggets,Utah Jazz,Tue Nov 28 2017,10:00 pm,77,106
Brooklyn Nets,Dallas Mavericks,Wed Nov 29 2017,8:30 pm,109,104
Phoenix Suns,Detroit Pistons,Wed Nov 29 2017,7:00 pm,107,131
Indiana Pacers,Houston Rockets,Wed Nov 29 2017,8:00 pm,97,118
Golden State Warriors,Los Angeles Lakers,Wed Nov 29 2017,10:30 pm,127,123
Minnesota Timberwolves,New Orleans Pelicans,Wed Nov 29 2017,8:00 pm,120,102
Miami Heat,New York Knicks,Wed Nov 29 2017,7:30 pm,86,115
Oklahoma City Thunder,Orlando Magic,Wed Nov 29 2017,7:00 pm,108,121
Washington Wizards,Philadelphia 76ers,Wed Nov 29 2017,7:00 pm,113,118
Memphis Grizzlies,San Antonio Spurs,Wed Nov 29 2017,8:30 pm,95,104
Charlotte Hornets,Toronto Raptors,Wed Nov 29 2017,7:30 pm,113,126
Cleveland Cavaliers,Atlanta Hawks,Thu Nov 30 2017,7:30 pm,121,114
Philadelphia 76ers,Boston Celtics,Thu Nov 30 2017,7:30 pm,97,108
Chicago Bulls,Denver Nuggets,Thu Nov 30 2017,9:00 pm,110,111
Utah Jazz,Los Angeles Clippers,Thu Nov 30 2017,10:30 pm,126,107
Milwaukee Bucks,Portland Trail Blazers,Thu Nov 30 2017,10:00 pm,103,91
Sacramento Kings,Chicago Bulls,Fri Dec 1 2017,8:00 pm,107,106
San Antonio Spurs,Memphis Grizzlies,Fri Dec 1 2017,8:00 pm,95,79
Charlotte Hornets,Miami Heat,Fri Dec 1 2017,8:00 pm,100,105
Minnesota Timberwolves,Oklahoma City Thunder,Fri Dec 1 2017,8:00 pm,107,111
Golden State Warriors,Orlando Magic,Fri Dec 1 2017,7:00 pm,133,112
Indiana Pacers,Toronto Raptors,Fri Dec 1 2017,7:30 pm,115,120
New Orleans Pelicans,Utah Jazz,Fri Dec 1 2017,9:00 pm,108,114
Detroit Pistons,Washington Wizards,Fri Dec 1 2017,7:00 pm,91,109
Phoenix Suns,Boston Celtics,Sat Dec 2 2017,1:00 pm,111,116
Atlanta Hawks,Brooklyn Nets,Sat Dec 2 2017,3:00 pm,114,102
Memphis Grizzlies,Cleveland Cavaliers,Sat Dec 2 2017,7:30 pm,111,116
Los Angeles Clippers,Dallas Mavericks,Sat Dec 2 2017,2:00 pm,82,108
Los Angeles Lakers,Denver Nuggets,Sat Dec 2 2017,9:00 pm,100,115
Sacramento Kings,Milwaukee Bucks,Sat Dec 2 2017,8:30 pm,104,109
Detroit Pistons,Philadelphia 76ers,Sat Dec 2 2017,7:30 pm,103,108
New Orleans Pelicans,Portland Trail Blazers,Sat Dec 2 2017,10:00 pm,123,116
Houston Rockets,Los Angeles Lakers,Sun Dec 3 2017,9:30 pm,118,95
Golden State Warriors,Miami Heat,Sun Dec 3 2017,7:00 pm,123,95
Los Angeles Clippers,Minnesota Timberwolves,Sun Dec 3 2017,7:00 pm,106,112
Orlando Magic,New York Knicks,Sun Dec 3 2017,3:30 pm,105,100
San Antonio Spurs,Oklahoma City Thunder,Sun Dec 3 2017,7:00 pm,87,90
Brooklyn Nets,Atlanta Hawks,Mon Dec 4 2017,7:30 pm,110,90
Milwaukee Bucks,Boston Celtics,Mon Dec 4 2017,7:30 pm,100,111
Cleveland Cavaliers,Chicago Bulls,Mon Dec 4 2017,8:00 pm,113,91
Orlando Magic,Charlotte Hornets,Mon Dec 4 2017,7:00 pm,94,104
Denver Nuggets,Dallas Mavericks,Mon Dec 4 2017,8:30 pm,105,122
New York Knicks,Indiana Pacers,Mon Dec 4 2017,7:00 pm,97,115
Minnesota Timberwolves,Memphis Grizzlies,Mon Dec 4 2017,8:00 pm,92,95
Golden State Warriors,New Orleans Pelicans,Mon Dec 4 2017,8:00 pm,125,115
Phoenix Suns,Philadelphia 76ers,Mon Dec 4 2017,7:00 pm,115,101
Detroit Pistons,San Antonio Spurs,Mon Dec 4 2017,8:30 pm,93,96
Washington Wizards,Utah Jazz,Mon Dec 4 2017,9:00 pm,69,116
Utah Jazz,Oklahoma City Thunder,Tue Dec 5 2017,8:00 pm,94,100
Washington Wizards,Portland Trail Blazers,Tue Dec 5 2017,10:00 pm,106,92
Phoenix Suns,Toronto Raptors,Tue Dec 5 2017,7:30 pm,113,126
Dallas Mavericks,Boston Celtics,Wed Dec 6 2017,7:30 pm,90,97
Golden State Warriors,Charlotte Hornets,Wed Dec 6 2017,8:00 pm,101,87
Sacramento Kings,Cleveland Cavaliers,Wed Dec 6 2017,7:00 pm,95,101
Chicago Bulls,Indiana Pacers,Wed Dec 6 2017,7:00 pm,96,98
Minnesota Timberwolves,Los Angeles Clippers,Wed Dec 6 2017,10:30 pm,113,107
Detroit Pistons,Milwaukee Bucks,Wed Dec 6 2017,8:00 pm,100,104
Denver Nuggets,New Orleans Pelicans,Wed Dec 6 2017,8:00 pm,114,123
Memphis Grizzlies,New York Knicks,Wed Dec 6 2017,7:30 pm,88,99
Atlanta Hawks,Orlando Magic,Wed Dec 6 2017,7:00 pm,106,110
Miami Heat,San Antonio Spurs,Wed Dec 6 2017,8:30 pm,105,117
Oklahoma City Thunder,Brooklyn Nets,Thu Dec 7 2017,10:00 pm,95,100
Los Angeles Lakers,Philadelphia 76ers,Thu Dec 7 2017,8:00 pm,107,104
Washington Wizards,Phoenix Suns,Thu Dec 7 2017,9:00 pm,109,99
Houston Rockets,Utah Jazz,Thu Dec 7 2017,10:30 pm,112,101
Chicago Bulls,Charlotte Hornets,Fri Dec 8 2017,7:00 pm,119,111
Golden State Warriors,Detroit Pistons,Fri Dec 8 2017,7:00 pm,102,98
Cleveland Cavaliers,Indiana Pacers,Fri Dec 8 2017,7:00 pm,102,106
Toronto Raptors,Memphis Grizzlies,Fri Dec 8 2017,8:00 pm,116,107
Dallas Mavericks,Milwaukee Bucks,Fri Dec 8 2017,8:00 pm,102,109
Sacramento Kings,New Orleans Pelicans,Fri Dec 8 2017,8:00 pm,116,109
Denver Nuggets,Orlando Magic,Fri Dec 8 2017,7:00 pm,103,89
Boston Celtics,San Antonio Spurs,Fri Dec 8 2017,9:30 pm,102,105
Orlando Magic,Atlanta Hawks,Sat Dec 9 2017,7:30 pm,110,117
Miami Heat,Brooklyn Nets,Sat Dec 9 2017,6:00 pm,101,89
New York Knicks,Chicago Bulls,Sat Dec 9 2017,8:00 pm,102,104
Los Angeles Lakers,Charlotte Hornets,Sat Dec 9 2017,7:00 pm,110,99
Philadelphia 76ers,Cleveland Cavaliers,Sat Dec 9 2017,8:00 pm,98,105
Washington Wizards,Los Angeles Clippers,Sat Dec 9 2017,3:30 pm,112,113
Oklahoma City Thunder,Memphis Grizzlies,Sat Dec 9 2017,9:00 pm,102,101
Utah Jazz,Milwaukee Bucks,Sat Dec 9 2017,8:30 pm,100,117
San Antonio Spurs,Phoenix Suns,Sat Dec 9 2017,9:00 pm,104,101
Houston Rockets,Portland Trail Blazers,Sat Dec 9 2017,10:00 pm,124,117
Boston Celtics,Detroit Pistons,Sun Dec 10 2017,4:00 pm,91,81
Denver Nuggets,Indiana Pacers,Sun Dec 10 2017,5:00 pm,116,126
Dallas Mavericks,Minnesota Timberwolves,Sun Dec 10 2017,7:00 pm,92,97
Philadelphia 76ers,New Orleans Pelicans,Sun Dec 10 2017,7:00 pm,124,131
Atlanta Hawks,New York Knicks,Sun Dec 10 2017,7:30 pm,107,111
Toronto Raptors,Sacramento Kings,Sun Dec 10 2017,3:30 pm,102,87
Boston Celtics,Chicago Bulls,Mon Dec 11 2017,8:00 pm,85,108
Portland Trail Blazers,Golden State Warriors,Mon Dec 11 2017,10:30 pm,104,111
New Orleans Pelicans,Houston Rockets,Mon Dec 11 2017,8:00 pm,123,130
Toronto Raptors,Los Angeles Clippers,Mon Dec 11 2017,10:30 pm,91,96
Miami Heat,Memphis Grizzlies,Mon Dec 11 2017,8:00 pm,107,82
Charlotte Hornets,Oklahoma City Thunder,Mon Dec 11 2017,8:00 pm,116,103
Washington Wizards,Brooklyn Nets,Tue Dec 12 2017,7:30 pm,98,103
Atlanta Hawks,Cleveland Cavaliers,Tue Dec 12 2017,7:00 pm,114,123
San Antonio Spurs,Dallas Mavericks,Tue Dec 12 2017,8:30 pm,89,95
Denver Nuggets,Detroit Pistons,Tue Dec 12 2017,7:00 pm,103,84
Philadelphia 76ers,Minnesota Timberwolves,Tue Dec 12 2017,9:30 pm,118,112
Los Angeles Lakers,New York Knicks,Tue Dec 12 2017,7:00 pm,109,113
Phoenix Suns,Sacramento Kings,Tue Dec 12 2017,10:00 pm,92,99
Denver Nuggets,Boston Celtics,Wed Dec 13 2017,7:30 pm,118,124
Utah Jazz,Chicago Bulls,Wed Dec 13 2017,8:00 pm,100,103
Charlotte Hornets,Houston Rockets,Wed Dec 13 2017,9:30 pm,96,108
Oklahoma City Thunder,Indiana Pacers,Wed Dec 13 2017,7:00 pm,100,95
Portland Trail Blazers,Miami Heat,Wed Dec 13 2017,7:30 pm,102,95
Milwaukee Bucks,New Orleans Pelicans,Wed Dec 13 2017,8:00 pm,108,115
Los Angeles Clippers,Orlando Magic,Wed Dec 13 2017,7:00 pm,106,95
Toronto Raptors,Phoenix Suns,Wed Dec 13 2017,9:00 pm,115,109
Memphis Grizzlies,Washington Wizards,Wed Dec 13 2017,7:00 pm,87,93
Detroit Pistons,Atlanta Hawks,Thu Dec 14 2017,7:30 pm,105,91
New York Knicks,Brooklyn Nets,Thu Dec 14 2017,7:30 pm,111,104
Los Angeles Lakers,Cleveland Cavaliers,Thu Dec 14 2017,8:00 pm,112,121
Dallas Mavericks,Golden State Warriors,Thu Dec 14 2017,10:30 pm,97,112
Sacramento Kings,Minnesota Timberwolves,Thu Dec 14 2017,8:00 pm,96,119
Utah Jazz,Boston Celtics,Fri Dec 15 2017,7:30 pm,107,95
Miami Heat,Charlotte Hornets,Fri Dec 15 2017,7:00 pm,104,98
New Orleans Pelicans,Denver Nuggets,Fri Dec 15 2017,9:00 pm,111,117
San Antonio Spurs,Houston Rockets,Fri Dec 15 2017,9:30 pm,109,124
Detroit Pistons,Indiana Pacers,Fri Dec 15 2017,7:00 pm,104,98
Atlanta Hawks,Memphis Grizzlies,Fri Dec 15 2017,8:00 pm,94,96
Chicago Bulls,Milwaukee Bucks,Fri Dec 15 2017,8:00 pm,115,109
Portland Trail Blazers,Orlando Magic,Fri Dec 15 2017,7:00 pm,95,88
Oklahoma City Thunder,Philadelphia 76ers,Fri Dec 15 2017,7:00 pm,119,117
Brooklyn Nets,Toronto Raptors,Fri Dec 15 2017,7:30 pm,87,120
Los Angeles Clippers,Washington Wizards,Fri Dec 15 2017,7:00 pm,91,100
Portland Trail Blazers,Charlotte Hornets,Sat Dec 16 2017,7:00 pm,93,91
Utah Jazz,Cleveland Cavaliers,Sat Dec 16 2017,7:30 pm,100,109
Milwaukee Bucks,Houston Rockets,Sat Dec 16 2017,8:00 pm,111,115
Boston Celtics,Memphis Grizzlies,Sat Dec 16 2017,9:00 pm,102,93
Los Angeles Clippers,Miami Heat,Sat Dec 16 2017,8:00 pm,85,90
Phoenix Suns,Minnesota Timberwolves,Sat Dec 16 2017,8:00 pm,108,106
Oklahoma City Thunder,New York Knicks,Sat Dec 16 2017,7:30 pm,96,111
Dallas Mavericks,San Antonio Spurs,Sat Dec 16 2017,8:30 pm,96,98
Indiana Pacers,Brooklyn Nets,Sun Dec 17 2017,6:00 pm,109,97
Orlando Magic,Detroit Pistons,Sun Dec 17 2017,4:00 pm,110,114
Sacramento Kings,Toronto Raptors,Sun Dec 17 2017,3:30 pm,93,108
Cleveland Cavaliers,Washington Wizards,Sun Dec 17 2017,6:00 pm,106,99
Miami Heat,Atlanta Hawks,Mon Dec 18 2017,7:30 pm,104,110
Philadelphia 76ers,Chicago Bulls,Mon Dec 18 2017,8:00 pm,115,117
New York Knicks,Charlotte Hornets,Mon Dec 18 2017,7:00 pm,91,109
Phoenix Suns,Dallas Mavericks,Mon Dec 18 2017,8:30 pm,97,91
Utah Jazz,Houston Rockets,Mon Dec 18 2017,8:00 pm,99,120
Boston Celtics,Indiana Pacers,Mon Dec 18 2017,7:00 pm,112,111
Golden State Warriors,Los Angeles Lakers,Mon Dec 18 2017,10:30 pm,116,114
Portland Trail Blazers,Minnesota Timberwolves,Mon Dec 18 2017,8:00 pm,107,108
Denver Nuggets,Oklahoma City Thunder,Mon Dec 18 2017,8:00 pm,94,95
Los Angeles Clippers,San Antonio Spurs,Mon Dec 18 2017,8:30 pm,91,109
Cleveland Cavaliers,Milwaukee Bucks,Tue Dec 19 2017,8:00 pm,116,119
Sacramento Kings,Philadelphia 76ers,Tue Dec 19 2017,7:00 pm,101,95
New Orleans Pelicans,Washington Wizards,Tue Dec 19 2017,7:00 pm,106,116
Indiana Pacers,Atlanta Hawks,Wed Dec 20 2017,7:30 pm,105,95
Miami Heat,Boston Celtics,Wed Dec 20 2017,7:30 pm,90,89
Sacramento Kings,Brooklyn Nets,Wed Dec 20 2017,7:30 pm,104,99
Orlando Magic,Chicago Bulls,Wed Dec 20 2017,8:00 pm,94,112
Toronto Raptors,Charlotte Hornets,Wed Dec 20 2017,7:00 pm,129,111
Detroit Pistons,Dallas Mavericks,Wed Dec 20 2017,8:30 pm,93,110
Minnesota Timberwolves,Denver Nuggets,Wed Dec 20 2017,9:00 pm,112,104
Memphis Grizzlies,Golden State Warriors,Wed Dec 20 2017,10:30 pm,84,97
Los Angeles Lakers,Houston Rockets,Wed Dec 20 2017,8:00 pm,122,116
Phoenix Suns,Los Angeles Clippers,Wed Dec 20 2017,10:30 pm,95,108
Utah Jazz,Oklahoma City Thunder,Wed Dec 20 2017,8:00 pm,79,107
San Antonio Spurs,Portland Trail Blazers,Wed Dec 20 2017,10:00 pm,93,91
Chicago Bulls,Cleveland Cavaliers,Thu Dec 21 2017,7:00 pm,112,115
Boston Celtics,New York Knicks,Thu Dec 21 2017,8:00 pm,93,102
Toronto Raptors,Philadelphia 76ers,Thu Dec 21 2017,7:00 pm,114,109
Memphis Grizzlies,Phoenix Suns,Thu Dec 21 2017,9:00 pm,95,97
San Antonio Spurs,Utah Jazz,Thu Dec 21 2017,10:30 pm,89,100
Washington Wizards,Brooklyn Nets,Fri Dec 22 2017,7:30 pm,84,119
New York Knicks,Detroit Pistons,Fri Dec 22 2017,7:00 pm,101,104
Los Angeles Lakers,Golden State Warriors,Fri Dec 22 2017,10:30 pm,106,113
Los Angeles Clippers,Houston Rockets,Fri Dec 22 2017,8:00 pm,128,118
Dallas Mavericks,Miami Heat,Fri Dec 22 2017,8:00 pm,101,113
Charlotte Hornets,Milwaukee Bucks,Fri Dec 22 2017,8:00 pm,104,109
Atlanta Hawks,Oklahoma City Thunder,Fri Dec 22 2017,8:00 pm,117,120
New Orleans Pelicans,Orlando Magic,Fri Dec 22 2017,7:00 pm,111,97
Denver Nuggets,Portland Trail Blazers,Fri Dec 22 2017,10:00 pm,102,85
Dallas Mavericks,Atlanta Hawks,Sat Dec 23 2017,7:30 pm,107,112
Chicago Bulls,Boston Celtics,Sat Dec 23 2017,7:30 pm,92,117
Milwaukee Bucks,Charlotte Hornets,Sat Dec 23 2017,7:00 pm,106,111
Denver Nuggets,Golden State Warriors,Sat Dec 23 2017,8:30 pm,96,81
Brooklyn Nets,Indiana Pacers,Sat Dec 23 2017,7:00 pm,119,123
Portland Trail Blazers,Los Angeles Lakers,Sat Dec 23 2017,9:30 pm,95,92
Los Angeles Clippers,Memphis Grizzlies,Sat Dec 23 2017,8:00 pm,112,115
New Orleans Pelicans,Miami Heat,Sat Dec 23 2017,8:00 pm,109,94
Minnesota Timberwolves,Phoenix Suns,Sat Dec 23 2017,9:00 pm,115,106
San Antonio Spurs,Sacramento Kings,Sat Dec 23 2017,10:00 pm,108,99
Philadelphia 76ers,Toronto Raptors,Sat Dec 23 2017,5:00 pm,86,102
Oklahoma City Thunder,Utah Jazz,Sat Dec 23 2017,8:00 pm,103,89
Orlando Magic,Washington Wizards,Sat Dec 23 2017,7:00 pm,103,130
Washington Wizards,Boston Celtics,Mon Dec 25 2017,5:30 pm,111,103
Cleveland Cavaliers,Golden State Warriors,Mon Dec 25 2017,3:00 pm,92,99
Minnesota Timberwolves,Los Angeles Lakers,Mon Dec 25 2017,10:30 pm,121,104
Philadelphia 76ers,New York Knicks,Mon Dec 25 2017,12:00 pm,105,98
Houston Rockets,Oklahoma City Thunder,Mon Dec 25 2017,8:00 pm,107,112
Toronto Raptors,Dallas Mavericks,Tue Dec 26 2017,7:00 pm,93,98
Utah Jazz,Denver Nuggets,Tue Dec 26 2017,9:00 pm,83,107
Indiana Pacers,Detroit Pistons,Tue Dec 26 2017,7:00 pm,83,107
Sacramento Kings,Los Angeles Clippers,Tue Dec 26 2017,10:30 pm,95,122
Orlando Magic,Miami Heat,Tue Dec 26 2017,7:30 pm,89,107
Chicago Bulls,Milwaukee Bucks,Tue Dec 26 2017,8:00 pm,115,106
Memphis Grizzlies,Phoenix Suns,Tue Dec 26 2017,9:00 pm,97,99
Brooklyn Nets,San Antonio Spurs,Tue Dec 26 2017,8:30 pm,97,109
Washington Wizards,Atlanta Hawks,Wed Dec 27 2017,7:30 pm,99,113
New York Knicks,Chicago Bulls,Wed Dec 27 2017,8:00 pm,87,92
Boston Celtics,Charlotte Hornets,Wed Dec 27 2017,7:00 pm,102,91
Utah Jazz,Golden State Warriors,Wed Dec 27 2017,10:30 pm,101,126
Dallas Mavericks,Indiana Pacers,Wed Dec 27 2017,7:00 pm,98,94
Memphis Grizzlies,Los Angeles Lakers,Wed Dec 27 2017,10:30 pm,109,99
Denver Nuggets,Minnesota Timberwolves,Wed Dec 27 2017,8:00 pm,125,128
Brooklyn Nets,New Orleans Pelicans,Wed Dec 27 2017,8:00 pm,113,128
Toronto Raptors,Oklahoma City Thunder,Wed Dec 27 2017,8:00 pm,107,124
Cleveland Cavaliers,Sacramento Kings,Wed Dec 27 2017,10:00 pm,95,109
Houston Rockets,Boston Celtics,Thu Dec 28 2017,8:00 pm,98,99
Minnesota Timberwolves,Milwaukee Bucks,Thu Dec 28 2017,8:00 pm,96,102
Detroit Pistons,Orlando Magic,Thu Dec 28 2017,7:00 pm,89,102
Philadelphia 76ers,Portland Trail Blazers,Thu Dec 28 2017,10:30 pm,110,114
New York Knicks,San Antonio Spurs,Thu Dec 28 2017,8:30 pm,107,119
Indiana Pacers,Chicago Bulls,Fri Dec 29 2017,8:00 pm,107,119
Charlotte Hornets,Golden State Warriors,Fri Dec 29 2017,10:30 pm,111,100
Los Angeles Clippers,Los Angeles Lakers,Fri Dec 29 2017,10:30 pm,121,106
Brooklyn Nets,Miami Heat,Fri Dec 29 2017,8:00 pm,111,87
Dallas Mavericks,New Orleans Pelicans,Fri Dec 29 2017,8:00 pm,128,120
Milwaukee Bucks,Oklahoma City Thunder,Fri Dec 29 2017,8:00 pm,97,95
Phoenix Suns,Sacramento Kings,Fri Dec 29 2017,10:00 pm,111,101
Atlanta Hawks,Toronto Raptors,Fri Dec 29 2017,7:30 pm,98,111
Houston Rockets,Washington Wizards,Fri Dec 29 2017,7:00 pm,103,121
Portland Trail Blazers,Atlanta Hawks,Sat Dec 30 2017,7:30 pm,89,104
Philadelphia 76ers,Denver Nuggets,Sat Dec 30 2017,9:00 pm,107,102
San Antonio Spurs,Detroit Pistons,Sat Dec 30 2017,7:00 pm,79,93
Memphis Grizzlies,Golden State Warriors,Sat Dec 30 2017,8:30 pm,128,141
New York Knicks,New Orleans Pelicans,Sat Dec 30 2017,7:00 pm,105,103
Miami Heat,Orlando Magic,Sat Dec 30 2017,7:00 pm,117,111
Cleveland Cavaliers,Utah Jazz,Sat Dec 30 2017,8:00 pm,101,104
Brooklyn Nets,Boston Celtics,Sun Dec 31 2017,5:30 pm,105,108
Los Angeles Lakers,Houston Rockets,Sun Dec 31 2017,7:00 pm,142,148
Minnesota Timberwolves,Indiana Pacers,Sun Dec 31 2017,5:00 pm,107,90
Charlotte Hornets,Los Angeles Clippers,Sun Dec 31 2017,7:00 pm,98,106
Dallas Mavericks,Oklahoma City Thunder,Sun Dec 31 2017,7:00 pm,116,113
Philadelphia 76ers,Phoenix Suns,Sun Dec 31 2017,8:00 pm,123,110
Memphis Grizzlies,Sacramento Kings,Sun Dec 31 2017,7:00 pm,114,96
Chicago Bulls,Washington Wizards,Sun Dec 31 2017,3:30 pm,110,114
Orlando Magic,Brooklyn Nets,Mon Jan 1 2018,7:30 pm,95,98
Portland Trail Blazers,Chicago Bulls,Mon Jan 1 2018,8:00 pm,124,120
Los Angeles Lakers,Minnesota Timberwolves,Mon Jan 1 2018,8:00 pm,96,114
Milwaukee Bucks,Toronto Raptors,Mon Jan 1 2018,7:30 pm,127,131
Portland Trail Blazers,Cleveland Cavaliers,Tue Jan 2 2018,7:00 pm,110,127
Memphis Grizzlies,Los Angeles Clippers,Tue Jan 2 2018,10:30 pm,105,113
San Antonio Spurs,New York Knicks,Tue Jan 2 2018,7:30 pm,100,91
Atlanta Hawks,Phoenix Suns,Tue Jan 2 2018,9:00 pm,103,104
Charlotte Hornets,Sacramento Kings,Tue Jan 2 2018,10:00 pm,131,111
Cleveland Cavaliers,Boston Celtics,Wed Jan 3 2018,8:00 pm,88,102
Minnesota Timberwolves,Brooklyn Nets,Wed Jan 3 2018,7:30 pm,97,98
Toronto Raptors,Chicago Bulls,Wed Jan 3 2018,8:00 pm,124,115
Golden State Warriors,Dallas Mavericks,Wed Jan 3 2018,8:30 pm,125,122
Phoenix Suns,Denver Nuggets,Wed Jan 3 2018,9:00 pm,111,134
Oklahoma City Thunder,Los Angeles Lakers,Wed Jan 3 2018,10:30 pm,133,96
Detroit Pistons,Miami Heat,Wed Jan 3 2018,7:30 pm,104,111
Indiana Pacers,Milwaukee Bucks,Wed Jan 3 2018,8:00 pm,101,122
Houston Rockets,Orlando Magic,Wed Jan 3 2018,7:00 pm,116,98
San Antonio Spurs,Philadelphia 76ers,Wed Jan 3 2018,7:00 pm,106,112
New Orleans Pelicans,Utah Jazz,Wed Jan 3 2018,9:00 pm,108,98
New York Knicks,Washington Wizards,Wed Jan 3 2018,7:00 pm,103,121
Golden State Warriors,Houston Rockets,Thu Jan 4 2018,8:00 pm,124,114
Oklahoma City Thunder,Los Angeles Clippers,Thu Jan 4 2018,10:30 pm,127,117
Minnesota Timberwolves,Boston Celtics,Fri Jan 5 2018,7:00 pm,84,91
Chicago Bulls,Dallas Mavericks,Fri Jan 5 2018,8:30 pm,127,124
Utah Jazz,Denver Nuggets,Fri Jan 5 2018,9:00 pm,91,99
Charlotte Hornets,Los Angeles Lakers,Fri Jan 5 2018,10:30 pm,108,94
Washington Wizards,Memphis Grizzlies,Fri Jan 5 2018,9:30 pm,102,100
New York Knicks,Miami Heat,Fri Jan 5 2018,8:00 pm,103,107
Toronto Raptors,Milwaukee Bucks,Fri Jan 5 2018,8:00 pm,129,110
Detroit Pistons,Philadelphia 76ers,Fri Jan 5 2018,7:00 pm,78,114
Atlanta Hawks,Portland Trail Blazers,Fri Jan 5 2018,10:00 pm,89,110
Phoenix Suns,San Antonio Spurs,Fri Jan 5 2018,8:30 pm,89,103
Boston Celtics,Brooklyn Nets,Sat Jan 6 2018,6:00 pm,87,85
Houston Rockets,Detroit Pistons,Sat Jan 6 2018,7:00 pm,101,108
Chicago Bulls,Indiana Pacers,Sat Jan 6 2018,7:00 pm,86,125
Golden State Warriors,Los Angeles Clippers,Sat Jan 6 2018,3:30 pm,121,105
New Orleans Pelicans,Minnesota Timberwolves,Sat Jan 6 2018,9:00 pm,98,116
Cleveland Cavaliers,Orlando Magic,Sat Jan 6 2018,7:00 pm,131,127
Denver Nuggets,Sacramento Kings,Sat Jan 6 2018,10:00 pm,98,106
Milwaukee Bucks,Washington Wizards,Sat Jan 6 2018,8:00 pm,110,103
New York Knicks,Dallas Mavericks,Sun Jan 7 2018,7:00 pm,100,96
Atlanta Hawks,Los Angeles Lakers,Sun Jan 7 2018,9:30 pm,113,132
Utah Jazz,Miami Heat,Sun Jan 7 2018,3:30 pm,102,103
Oklahoma City Thunder,Phoenix Suns,Sun Jan 7 2018,8:00 pm,100,114
San Antonio Spurs,Portland Trail Blazers,Sun Jan 7 2018,9:00 pm,110,111
Toronto Raptors,Brooklyn Nets,Mon Jan 8 2018,7:30 pm,114,113
Houston Rockets,Chicago Bulls,Mon Jan 8 2018,8:00 pm,116,107
Denver Nuggets,Golden State Warriors,Mon Jan 8 2018,10:30 pm,114,124
Milwaukee Bucks,Indiana Pacers,Mon Jan 8 2018,7:00 pm,96,109
Atlanta Hawks,Los Angeles Clippers,Mon Jan 8 2018,10:30 pm,107,108
Cleveland Cavaliers,Minnesota Timberwolves,Mon Jan 8 2018,8:00 pm,99,127
Detroit Pistons,New Orleans Pelicans,Mon Jan 8 2018,8:00 pm,109,112
San Antonio Spurs,Sacramento Kings,Mon Jan 8 2018,10:00 pm,107,100
Orlando Magic,Dallas Mavericks,Tue Jan 9 2018,8:30 pm,99,114
Sacramento Kings,Los Angeles Lakers,Tue Jan 9 2018,10:30 pm,86,99
Portland Trail Blazers,Oklahoma City Thunder,Tue Jan 9 2018,8:00 pm,117,106
Miami Heat,Toronto Raptors,Tue Jan 9 2018,7:30 pm,90,89
Detroit Pistons,Brooklyn Nets,Wed Jan 10 2018,7:30 pm,114,80
Dallas Mavericks,Charlotte Hornets,Wed Jan 10 2018,7:00 pm,115,111
Atlanta Hawks,Denver Nuggets,Wed Jan 10 2018,9:00 pm,110,97
Los Angeles Clippers,Golden State Warriors,Wed Jan 10 2018,10:30 pm,125,106
Portland Trail Blazers,Houston Rockets,Wed Jan 10 2018,8:00 pm,112,121
Miami Heat,Indiana Pacers,Wed Jan 10 2018,7:00 pm,114,106
New Orleans Pelicans,Memphis Grizzlies,Wed Jan 10 2018,8:00 pm,102,105
Orlando Magic,Milwaukee Bucks,Wed Jan 10 2018,8:00 pm,103,110
Oklahoma City Thunder,Minnesota Timberwolves,Wed Jan 10 2018,8:00 pm,88,104
Chicago Bulls,New York Knicks,Wed Jan 10 2018,7:30 pm,122,119
Utah Jazz,Washington Wizards,Wed Jan 10 2018,7:00 pm,107,104
San Antonio Spurs,Los Angeles Lakers,Thu Jan 11 2018,10:30 pm,81,93
Boston Celtics,Philadelphia 76ers,Thu Jan 11 2018,3:00 pm,114,103
Los Angeles Clippers,Sacramento Kings,Thu Jan 11 2018,10:00 pm,121,115
Cleveland Cavaliers,Toronto Raptors,Thu Jan 11 2018,8:00 pm,99,133
Brooklyn Nets,Atlanta Hawks,Fri Jan 12 2018,7:30 pm,110,105
Utah Jazz,Charlotte Hornets,Fri Jan 12 2018,7:00 pm,88,99
Memphis Grizzlies,Denver Nuggets,Fri Jan 12 2018,9:00 pm,78,87
Cleveland Cavaliers,Indiana Pacers,Fri Jan 12 2018,7:00 pm,95,97
Golden State Warriors,Milwaukee Bucks,Fri Jan 12 2018,8:00 pm,108,94
New York Knicks,Minnesota Timberwolves,Fri Jan 12 2018,8:00 pm,108,118
Portland Trail Blazers,New Orleans Pelicans,Fri Jan 12 2018,8:00 pm,113,119
Houston Rockets,Phoenix Suns,Fri Jan 12 2018,10:30 pm,112,95
Orlando Magic,Washington Wizards,Fri Jan 12 2018,7:00 pm,119,125
Detroit Pistons,Chicago Bulls,Sat Jan 13 2018,8:00 pm,105,107
Oklahoma City Thunder,Charlotte Hornets,Sat Jan 13 2018,5:00 pm,101,91
Los Angeles Lakers,Dallas Mavericks,Sat Jan 13 2018,2:00 pm,107,101
Sacramento Kings,Los Angeles Clippers,Sat Jan 13 2018,3:30 pm,105,126
Denver Nuggets,San Antonio Spurs,Sat Jan 13 2018,8:30 pm,80,112
Golden State Warriors,Toronto Raptors,Sat Jan 13 2018,7:30 pm,127,125
Brooklyn Nets,Washington Wizards,Sat Jan 13 2018,7:00 pm,113,119
Milwaukee Bucks,Miami Heat,Sun Jan 14 2018,1:00 pm,79,97
Portland Trail Blazers,Minnesota Timberwolves,Sun Jan 14 2018,9:00 pm,103,120
New Orleans Pelicans,New York Knicks,Sun Jan 14 2018,3:30 pm,123,118
Indiana Pacers,Phoenix Suns,Sun Jan 14 2018,8:00 pm,120,97
San Antonio Spurs,Atlanta Hawks,Mon Jan 15 2018,3:00 pm,99,102
New York Knicks,Brooklyn Nets,Mon Jan 15 2018,3:00 pm,119,104
Miami Heat,Chicago Bulls,Mon Jan 15 2018,3:30 pm,111,119
Golden State Warriors,Cleveland Cavaliers,Mon Jan 15 2018,8:00 pm,118,108
Charlotte Hornets,Detroit Pistons,Mon Jan 15 2018,12:30 pm,118,107
Houston Rockets,Los Angeles Clippers,Mon Jan 15 2018,10:30 pm,102,113
Los Angeles Lakers,Memphis Grizzlies,Mon Jan 15 2018,5:30 pm,114,123
Sacramento Kings,Oklahoma City Thunder,Mon Jan 15 2018,8:00 pm,88,95
Toronto Raptors,Philadelphia 76ers,Mon Jan 15 2018,1:00 pm,111,117
Indiana Pacers,Utah Jazz,Mon Jan 15 2018,9:00 pm,109,94
Milwaukee Bucks,Washington Wizards,Mon Jan 15 2018,2:00 pm,104,95
New Orleans Pelicans,Boston Celtics,Tue Jan 16 2018,7:30 pm,116,113
Dallas Mavericks,Denver Nuggets,Tue Jan 16 2018,9:00 pm,102,105
Minnesota Timberwolves,Orlando Magic,Tue Jan 16 2018,7:00 pm,102,108
Phoenix Suns,Portland Trail Blazers,Tue Jan 16 2018,10:00 pm,111,118
New Orleans Pelicans,Atlanta Hawks,Wed Jan 17 2018,7:30 pm,93,94
San Antonio Spurs,Brooklyn Nets,Wed Jan 17 2018,7:30 pm,100,95
Golden State Warriors,Chicago Bulls,Wed Jan 17 2018,8:00 pm,119,112
Washington Wizards,Charlotte Hornets,Wed Jan 17 2018,7:00 pm,109,133
Denver Nuggets,Los Angeles Clippers,Wed Jan 17 2018,10:30 pm,104,109
New York Knicks,Memphis Grizzlies,Wed Jan 17 2018,8:00 pm,99,105
Miami Heat,Milwaukee Bucks,Wed Jan 17 2018,8:00 pm,106,101
Los Angeles Lakers,Oklahoma City Thunder,Wed Jan 17 2018,8:00 pm,90,114
Utah Jazz,Sacramento Kings,Wed Jan 17 2018,10:00 pm,120,105
Detroit Pistons,Toronto Raptors,Wed Jan 17 2018,7:30 pm,91,96
Philadelphia 76ers,Boston Celtics,Thu Jan 18 2018,7:00 pm,89,80
Orlando Magic,Cleveland Cavaliers,Thu Jan 18 2018,7:00 pm,103,104
Minnesota Timberwolves,Houston Rockets,Thu Jan 18 2018,9:30 pm,98,116
Indiana Pacers,Portland Trail Blazers,Thu Jan 18 2018,10:00 pm,86,100
Miami Heat,Brooklyn Nets,Fri Jan 19 2018,7:30 pm,95,101
Phoenix Suns,Denver Nuggets,Fri Jan 19 2018,9:00 pm,108,100
Washington Wizards,Detroit Pistons,Fri Jan 19 2018,8:00 pm,122,112
Indiana Pacers,Los Angeles Lakers,Fri Jan 19 2018,10:30 pm,86,99
Sacramento Kings,Memphis Grizzlies,Fri Jan 19 2018,8:00 pm,88,106
San Antonio Spurs,Toronto Raptors,Fri Jan 19 2018,7:00 pm,83,86
New York Knicks,Utah Jazz,Fri Jan 19 2018,10:30 pm,117,115
Chicago Bulls,Atlanta Hawks,Sat Jan 20 2018,5:00 pm,113,97
Miami Heat,Charlotte Hornets,Sat Jan 20 2018,7:00 pm,106,105
Oklahoma City Thunder,Cleveland Cavaliers,Sat Jan 20 2018,3:30 pm,148,124
Golden State Warriors,Houston Rockets,Sat Jan 20 2018,8:30 pm,108,116
Toronto Raptors,Minnesota Timberwolves,Sat Jan 20 2018,9:00 pm,109,115
Memphis Grizzlies,New Orleans Pelicans,Sat Jan 20 2018,7:00 pm,104,111
Milwaukee Bucks,Philadelphia 76ers,Sat Jan 20 2018,7:30 pm,94,116
Dallas Mavericks,Portland Trail Blazers,Sat Jan 20 2018,10:00 pm,108,117
Los Angeles Clippers,Utah Jazz,Sat Jan 20 2018,9:00 pm,113,125
Orlando Magic,Boston Celtics,Sun Jan 21 2018,1:00 pm,103,95
Brooklyn Nets,Detroit Pistons,Sun Jan 21 2018,4:00 pm,101,100
New York Knicks,Los Angeles Lakers,Sun Jan 21 2018,3:30 pm,107,127
Indiana Pacers,San Antonio Spurs,Sun Jan 21 2018,7:00 pm,94,86
Utah Jazz,Atlanta Hawks,Mon Jan 22 2018,7:30 pm,90,104
Sacramento Kings,Charlotte Hornets,Mon Jan 22 2018,7:00 pm,107,112
Washington Wizards,Dallas Mavericks,Mon Jan 22 2018,8:30 pm,75,98
Portland Trail Blazers,Denver Nuggets,Mon Jan 22 2018,9:00 pm,101,104
Miami Heat,Houston Rockets,Mon Jan 22 2018,8:00 pm,90,99
Minnesota Timberwolves,Los Angeles Clippers,Mon Jan 22 2018,10:30 pm,126,118
Philadelphia 76ers,Memphis Grizzlies,Mon Jan 22 2018,8:00 pm,101,105
Phoenix Suns,Milwaukee Bucks,Mon Jan 22 2018,8:00 pm,105,109
Chicago Bulls,New Orleans Pelicans,Mon Jan 22 2018,8:00 pm,128,132
New York Knicks,Golden State Warriors,Tue Jan 23 2018,10:30 pm,112,123
Boston Celtics,Los Angeles Lakers,Tue Jan 23 2018,10:30 pm,107,108
Brooklyn Nets,Oklahoma City Thunder,Tue Jan 23 2018,8:00 pm,108,109
Sacramento Kings,Orlando Magic,Tue Jan 23 2018,7:00 pm,105,99
Cleveland Cavaliers,San Antonio Spurs,Tue Jan 23 2018,8:00 pm,102,114
Toronto Raptors,Atlanta Hawks,Wed Jan 24 2018,7:30 pm,108,93
New Orleans Pelicans,Charlotte Hornets,Wed Jan 24 2018,7:00 pm,101,96
Houston Rockets,Dallas Mavericks,Wed Jan 24 2018,8:00 pm,104,97
Utah Jazz,Detroit Pistons,Wed Jan 24 2018,7:00 pm,98,95
Phoenix Suns,Indiana Pacers,Wed Jan 24 2018,7:00 pm,101,116
Boston Celtics,Los Angeles Clippers,Wed Jan 24 2018,10:30 pm,113,102
San Antonio Spurs,Memphis Grizzlies,Wed Jan 24 2018,8:00 pm,108,85
Chicago Bulls,Philadelphia 76ers,Wed Jan 24 2018,7:00 pm,101,115
Minnesota Timberwolves,Portland Trail Blazers,Wed Jan 24 2018,10:00 pm,114,123
New York Knicks,Denver Nuggets,Thu Jan 25 2018,9:00 pm,118,130
Minnesota Timberwolves,Golden State Warriors,Thu Jan 25 2018,10:30 pm,113,126
Sacramento Kings,Miami Heat,Thu Jan 25 2018,7:30 pm,89,88
Washington Wizards,Oklahoma City Thunder,Thu Jan 25 2018,8:00 pm,112,121
Los Angeles Lakers,Chicago Bulls,Fri Jan 26 2018,8:00 pm,108,103
Atlanta Hawks,Charlotte Hornets,Fri Jan 26 2018,7:00 pm,110,121
Indiana Pacers,Cleveland Cavaliers,Fri Jan 26 2018,7:30 pm,108,115
Portland Trail Blazers,Dallas Mavericks,Fri Jan 26 2018,8:30 pm,107,93
Los Angeles Clippers,Memphis Grizzlies,Fri Jan 26 2018,8:00 pm,109,100
Brooklyn Nets,Milwaukee Bucks,Fri Jan 26 2018,8:00 pm,91,116
Houston Rockets,New Orleans Pelicans,Fri Jan 26 2018,8:00 pm,113,115
New York Knicks,Phoenix Suns,Fri Jan 26 2018,9:00 pm,107,85
Philadelphia 76ers,San Antonio Spurs,Fri Jan 26 2018,8:30 pm,97,78
Utah Jazz,Toronto Raptors,Fri Jan 26 2018,7:30 pm,97,93
Washington Wizards,Atlanta Hawks,Sat Jan 27 2018,7:30 pm,129,104
Dallas Mavericks,Denver Nuggets,Sat Jan 27 2018,9:00 pm,89,91
Oklahoma City Thunder,Detroit Pistons,Sat Jan 27 2018,5:00 pm,121,108
Boston Celtics,Golden State Warriors,Sat Jan 27 2018,8:30 pm,105,109
Orlando Magic,Indiana Pacers,Sat Jan 27 2018,7:00 pm,112,114
Charlotte Hornets,Miami Heat,Sat Jan 27 2018,7:30 pm,91,95
Brooklyn Nets,Minnesota Timberwolves,Sat Jan 27 2018,9:00 pm,97,111
Milwaukee Bucks,Chicago Bulls,Sun Jan 28 2018,3:30 pm,110,96
Detroit Pistons,Cleveland Cavaliers,Sun Jan 28 2018,6:00 pm,104,121
Phoenix Suns,Houston Rockets,Sun Jan 28 2018,3:30 pm,102,113
Los Angeles Clippers,New Orleans Pelicans,Sun Jan 28 2018,4:00 pm,112,103
Philadelphia 76ers,Oklahoma City Thunder,Sun Jan 28 2018,6:00 pm,112,122
Sacramento Kings,San Antonio Spurs,Sun Jan 28 2018,7:00 pm,98,113
Los Angeles Lakers,Toronto Raptors,Sun Jan 28 2018,6:00 pm,111,123
Minnesota Timberwolves,Atlanta Hawks,Mon Jan 29 2018,7:30 pm,100,105
Miami Heat,Dallas Mavericks,Mon Jan 29 2018,8:30 pm,95,88
Boston Celtics,Denver Nuggets,Mon Jan 29 2018,9:00 pm,111,110
Charlotte Hornets,Indiana Pacers,Mon Jan 29 2018,7:00 pm,96,105
Phoenix Suns,Memphis Grizzlies,Mon Jan 29 2018,8:00 pm,109,120
Philadelphia 76ers,Milwaukee Bucks,Mon Jan 29 2018,8:00 pm,95,107
Cleveland Cavaliers,Detroit Pistons,Tue Jan 30 2018,8:00 pm,114,125
Orlando Magic,Houston Rockets,Tue Jan 30 2018,8:00 pm,107,114
Portland Trail Blazers,Los Angeles Clippers,Tue Jan 30 2018,10:30 pm,104,96
Sacramento Kings,New Orleans Pelicans,Tue Jan 30 2018,8:00 pm,114,103
Brooklyn Nets,New York Knicks,Tue Jan 30 2018,7:30 pm,95,111
Denver Nuggets,San Antonio Spurs,Tue Jan 30 2018,8:30 pm,104,106
Minnesota Timberwolves,Toronto Raptors,Tue Jan 30 2018,7:30 pm,104,109
Golden State Warriors,Utah Jazz,Tue Jan 30 2018,9:00 pm,99,129
Oklahoma City Thunder,Washington Wizards,Tue Jan 30 2018,7:00 pm,96,102
Charlotte Hornets,Atlanta Hawks,Wed Jan 31 2018,7:30 pm,123,110
New York Knicks,Boston Celtics,Wed Jan 31 2018,8:00 pm,73,103
Philadelphia 76ers,Brooklyn Nets,Wed Jan 31 2018,7:30 pm,108,116
Miami Heat,Cleveland Cavaliers,Wed Jan 31 2018,7:30 pm,89,91
Memphis Grizzlies,Indiana Pacers,Wed Jan 31 2018,7:00 pm,101,105
Los Angeles Lakers,Orlando Magic,Wed Jan 31 2018,7:00 pm,105,127
Dallas Mavericks,Phoenix Suns,Wed Jan 31 2018,10:30 pm,88,102
Chicago Bulls,Portland Trail Blazers,Wed Jan 31 2018,10:00 pm,108,124
Oklahoma City Thunder,Denver Nuggets,Thu Feb 1 2018,10:30 pm,124,127
Memphis Grizzlies,Detroit Pistons,Thu Feb 1 2018,7:00 pm,102,104
Milwaukee Bucks,Minnesota Timberwolves,Thu Feb 1 2018,8:00 pm,89,108
Houston Rockets,San Antonio Spurs,Thu Feb 1 2018,8:00 pm,102,91
Toronto Raptors,Washington Wizards,Thu Feb 1 2018,7:00 pm,119,122
Atlanta Hawks,Boston Celtics,Fri Feb 2 2018,7:30 pm,110,119
Los Angeles Lakers,Brooklyn Nets,Fri Feb 2 2018,7:30 pm,102,99
Indiana Pacers,Charlotte Hornets,Fri Feb 2 2018,7:00 pm,126,133
New York Knicks,Milwaukee Bucks,Fri Feb 2 2018,8:00 pm,90,92
New Orleans Pelicans,Oklahoma City Thunder,Fri Feb 2 2018,9:00 pm,114,100
Miami Heat,Philadelphia 76ers,Fri Feb 2 2018,8:00 pm,97,103
Utah Jazz,Phoenix Suns,Fri Feb 2 2018,9:00 pm,129,97
Golden State Warriors,Sacramento Kings,Fri Feb 2 2018,10:30 pm,119,104
Portland Trail Blazers,Toronto Raptors,Fri Feb 2 2018,7:30 pm,105,130
Houston Rockets,Cleveland Cavaliers,Sat Feb 3 2018,8:30 pm,120,88
Golden State Warriors,Denver Nuggets,Sat Feb 3 2018,9:00 pm,108,115
Miami Heat,Detroit Pistons,Sat Feb 3 2018,7:00 pm,107,111
Philadelphia 76ers,Indiana Pacers,Sat Feb 3 2018,7:00 pm,92,100
Chicago Bulls,Los Angeles Clippers,Sat Feb 3 2018,3:30 pm,103,113
New Orleans Pelicans,Minnesota Timberwolves,Sat Feb 3 2018,9:00 pm,107,118
Washington Wizards,Orlando Magic,Sat Feb 3 2018,7:00 pm,115,98
Dallas Mavericks,Sacramento Kings,Sat Feb 3 2018,10:00 pm,106,99
Utah Jazz,San Antonio Spurs,Sat Feb 3 2018,9:00 pm,120,111
Portland Trail Blazers,Boston Celtics,Sun Feb 4 2018,12:00 pm,96,97
Milwaukee Bucks,Brooklyn Nets,Sun Feb 4 2018,12:00 pm,109,94
Atlanta Hawks,New York Knicks,Sun Feb 4 2018,12:00 pm,99,96
Los Angeles Lakers,Oklahoma City Thunder,Sun Feb 4 2018,2:00 pm,108,104
Charlotte Hornets,Phoenix Suns,Sun Feb 4 2018,3:00 pm,115,110
Memphis Grizzlies,Toronto Raptors,Sun Feb 4 2018,12:00 pm,86,101
Charlotte Hornets,Denver Nuggets,Mon Feb 5 2018,9:00 pm,104,121
Portland Trail Blazers,Detroit Pistons,Mon Feb 5 2018,7:00 pm,91,111
Washington Wizards,Indiana Pacers,Mon Feb 5 2018,7:00 pm,111,102
Dallas Mavericks,Los Angeles Clippers,Mon Feb 5 2018,10:30 pm,101,104
Orlando Magic,Miami Heat,Mon Feb 5 2018,7:30 pm,111,109
Utah Jazz,New Orleans Pelicans,Mon Feb 5 2018,8:00 pm,133,109
Chicago Bulls,Sacramento Kings,Mon Feb 5 2018,10:00 pm,98,104
Memphis Grizzlies,Atlanta Hawks,Tue Feb 6 2018,7:30 pm,82,108
Houston Rockets,Brooklyn Nets,Tue Feb 6 2018,7:30 pm,123,113
Oklahoma City Thunder,Golden State Warriors,Tue Feb 6 2018,10:30 pm,125,105
Phoenix Suns,Los Angeles Lakers,Tue Feb 6 2018,10:30 pm,93,112
Milwaukee Bucks,New York Knicks,Tue Feb 6 2018,7:30 pm,103,89
Cleveland Cavaliers,Orlando Magic,Tue Feb 6 2018,7:00 pm,98,116
Washington Wizards,Philadelphia 76ers,Tue Feb 6 2018,8:00 pm,102,115
Boston Celtics,Toronto Raptors,Tue Feb 6 2018,7:30 pm,91,111
Minnesota Timberwolves,Cleveland Cavaliers,Wed Feb 7 2018,8:00 pm,138,140
Brooklyn Nets,Detroit Pistons,Wed Feb 7 2018,7:00 pm,106,115
Utah Jazz,Memphis Grizzlies,Wed Feb 7 2018,8:00 pm,92,88
Houston Rockets,Miami Heat,Wed Feb 7 2018,7:30 pm,109,101
San Antonio Spurs,Phoenix Suns,Wed Feb 7 2018,10:30 pm,129,81
Dallas Mavericks,Golden State Warriors,Thu Feb 8 2018,10:30 pm,103,121
Oklahoma City Thunder,Los Angeles Lakers,Thu Feb 8 2018,10:30 pm,81,106
Atlanta Hawks,Orlando Magic,Thu Feb 8 2018,7:00 pm,98,100
Charlotte Hornets,Portland Trail Blazers,Thu Feb 8 2018,10:00 pm,103,109
New York Knicks,Toronto Raptors,Thu Feb 8 2018,7:30 pm,88,113
Boston Celtics,Washington Wizards,Thu Feb 8 2018,8:00 pm,110,104
Cleveland Cavaliers,Atlanta Hawks,Fri Feb 9 2018,7:30 pm,123,107
Indiana Pacers,Boston Celtics,Fri Feb 9 2018,7:30 pm,97,91
Minnesota Timberwolves,Chicago Bulls,Fri Feb 9 2018,9:30 pm,113,114
Los Angeles Clippers,Detroit Pistons,Fri Feb 9 2018,7:00 pm,108,95
Denver Nuggets,Houston Rockets,Fri Feb 9 2018,8:00 pm,104,130
Milwaukee Bucks,Miami Heat,Fri Feb 9 2018,8:00 pm,85,91
New Orleans Pelicans,Philadelphia 76ers,Fri Feb 9 2018,7:00 pm,82,100
Portland Trail Blazers,Sacramento Kings,Fri Feb 9 2018,10:30 pm,118,100
Charlotte Hornets,Utah Jazz,Fri Feb 9 2018,9:00 pm,94,106
New Orleans Pelicans,Brooklyn Nets,Sat Feb 10 2018,6:00 pm,138,128
Washington Wizards,Chicago Bulls,Sat Feb 10 2018,8:00 pm,101,90
Los Angeles Lakers,Dallas Mavericks,Sat Feb 10 2018,8:30 pm,123,130
San Antonio Spurs,Golden State Warriors,Sat Feb 10 2018,8:30 pm,105,122
Milwaukee Bucks,Orlando Magic,Sat Feb 10 2018,7:00 pm,111,104
Los Angeles Clippers,Philadelphia 76ers,Sat Feb 10 2018,7:00 pm,98,112
Denver Nuggets,Phoenix Suns,Sat Feb 10 2018,9:00 pm,123,113
Detroit Pistons,Atlanta Hawks,Sun Feb 11 2018,3:30 pm,115,118
Cleveland Cavaliers,Boston Celtics,Sun Feb 11 2018,3:30 pm,121,99
Toronto Raptors,Charlotte Hornets,Sun Feb 11 2018,1:00 pm,123,103
Dallas Mavericks,Houston Rockets,Sun Feb 11 2018,7:00 pm,97,104
New York Knicks,Indiana Pacers,Sun Feb 11 2018,5:00 pm,113,121
Sacramento Kings,Minnesota Timberwolves,Sun Feb 11 2018,7:00 pm,106,111
Memphis Grizzlies,Oklahoma City Thunder,Sun Feb 11 2018,7:00 pm,92,110
Utah Jazz,Portland Trail Blazers,Sun Feb 11 2018,9:00 pm,115,96
Los Angeles Clippers,Brooklyn Nets,Mon Feb 12 2018,7:30 pm,114,101
Orlando Magic,Chicago Bulls,Mon Feb 12 2018,8:00 pm,101,105
New Orleans Pelicans,Detroit Pistons,Mon Feb 12 2018,7:00 pm,118,103
Phoenix Suns,Golden State Warriors,Mon Feb 12 2018,10:30 pm,83,129
New York Knicks,Philadelphia 76ers,Mon Feb 12 2018,7:00 pm,92,108
San Antonio Spurs,Utah Jazz,Mon Feb 12 2018,9:00 pm,99,101
Sacramento Kings,Dallas Mavericks,Tue Feb 13 2018,8:30 pm,114,109
San Antonio Spurs,Denver Nuggets,Tue Feb 13 2018,10:30 pm,109,117
Atlanta Hawks,Milwaukee Bucks,Tue Feb 13 2018,8:00 pm,92,97
Houston Rockets,Minnesota Timberwolves,Tue Feb 13 2018,8:00 pm,126,108
Cleveland Cavaliers,Oklahoma City Thunder,Tue Feb 13 2018,8:00 pm,120,112
Miami Heat,Toronto Raptors,Tue Feb 13 2018,7:00 pm,112,115
Los Angeles Clippers,Boston Celtics,Wed Feb 14 2018,8:00 pm,129,119
Indiana Pacers,Brooklyn Nets,Wed Feb 14 2018,7:30 pm,108,103
Toronto Raptors,Chicago Bulls,Wed Feb 14 2018,8:00 pm,122,98
Atlanta Hawks,Detroit Pistons,Wed Feb 14 2018,7:00 pm,98,104
Sacramento Kings,Houston Rockets,Wed Feb 14 2018,8:00 pm,91,100
Oklahoma City Thunder,Memphis Grizzlies,Wed Feb 14 2018,8:00 pm,121,114
Los Angeles Lakers,New Orleans Pelicans,Wed Feb 14 2018,8:00 pm,117,139
Washington Wizards,New York Knicks,Wed Feb 14 2018,7:30 pm,118,113
Charlotte Hornets,Orlando Magic,Wed Feb 14 2018,7:00 pm,104,102
Miami Heat,Philadelphia 76ers,Wed Feb 14 2018,7:00 pm,102,104
Golden State Warriors,Portland Trail Blazers,Wed Feb 14 2018,10:30 pm,117,123
Phoenix Suns,Utah Jazz,Wed Feb 14 2018,9:00 pm,97,107
Denver Nuggets,Milwaukee Bucks,Thu Feb 15 2018,8:00 pm,134,123
Los Angeles Lakers,Minnesota Timberwolves,Thu Feb 15 2018,9:00 pm,111,119
Philadelphia 76ers,Chicago Bulls,Thu Feb 22 2018,8:00 pm,116,115
Brooklyn Nets,Charlotte Hornets,Thu Feb 22 2018,7:00 pm,96,111
Washington Wizards,Cleveland Cavaliers,Thu Feb 22 2018,8:00 pm,110,103
Los Angeles Clippers,Golden State Warriors,Thu Feb 22 2018,10:30 pm,127,134
New York Knicks,Orlando Magic,Thu Feb 22 2018,7:00 pm,120,113
Oklahoma City Thunder,Sacramento Kings,Thu Feb 22 2018,10:00 pm,110,107
San Antonio Spurs,Denver Nuggets,Fri Feb 23 2018,9:00 pm,119,122
Boston Celtics,Detroit Pistons,Fri Feb 23 2018,7:00 pm,110,98
Minnesota Timberwolves,Houston Rockets,Fri Feb 23 2018,8:00 pm,102,120
Atlanta Hawks,Indiana Pacers,Fri Feb 23 2018,7:00 pm,93,116
Dallas Mavericks,Los Angeles Lakers,Fri Feb 23 2018,10:30 pm,102,124
Cleveland Cavaliers,Memphis Grizzlies,Fri Feb 23 2018,8:00 pm,112,89
Miami Heat,New Orleans Pelicans,Fri Feb 23 2018,8:00 pm,123,124
Los Angeles Clippers,Phoenix Suns,Fri Feb 23 2018,9:00 pm,128,117
Milwaukee Bucks,Toronto Raptors,Fri Feb 23 2018,7:30 pm,122,119
Portland Trail Blazers,Utah Jazz,Fri Feb 23 2018,9:00 pm,100,81
Charlotte Hornets,Washington Wizards,Fri Feb 23 2018,7:00 pm,122,105
Oklahoma City Thunder,Golden State Warriors,Sat Feb 24 2018,8:30 pm,80,112
Memphis Grizzlies,Miami Heat,Sat Feb 24 2018,7:30 pm,89,115
Chicago Bulls,Minnesota Timberwolves,Sat Feb 24 2018,9:00 pm,104,122
Boston Celtics,New York Knicks,Sat Feb 24 2018,7:30 pm,121,112
Orlando Magic,Philadelphia 76ers,Sat Feb 24 2018,5:00 pm,105,116
Portland Trail Blazers,Phoenix Suns,Sat Feb 24 2018,9:00 pm,106,104
Los Angeles Lakers,Sacramento Kings,Sat Feb 24 2018,10:00 pm,113,108
Dallas Mavericks,Utah Jazz,Sat Feb 24 2018,9:00 pm,90,97
Detroit Pistons,Charlotte Hornets,Sun Feb 25 2018,1:00 pm,98,114
San Antonio Spurs,Cleveland Cavaliers,Sun Feb 25 2018,3:30 pm,110,94
Houston Rockets,Denver Nuggets,Sun Feb 25 2018,8:00 pm,119,114
New Orleans Pelicans,Milwaukee Bucks,Sun Feb 25 2018,3:00 pm,123,121
Philadelphia 76ers,Washington Wizards,Sun Feb 25 2018,8:00 pm,94,109
Los Angeles Lakers,Atlanta Hawks,Mon Feb 26 2018,7:30 pm,123,104
Memphis Grizzlies,Boston Celtics,Mon Feb 26 2018,7:30 pm,98,109
Chicago Bulls,Brooklyn Nets,Mon Feb 26 2018,7:30 pm,87,104
Indiana Pacers,Dallas Mavericks,Mon Feb 26 2018,8:30 pm,103,109
Phoenix Suns,New Orleans Pelicans,Mon Feb 26 2018,8:00 pm,116,125
Golden State Warriors,New York Knicks,Mon Feb 26 2018,7:30 pm,125,111
Orlando Magic,Oklahoma City Thunder,Mon Feb 26 2018,8:00 pm,105,112
Minnesota Timberwolves,Sacramento Kings,Mon Feb 26 2018,10:00 pm,118,100
Detroit Pistons,Toronto Raptors,Mon Feb 26 2018,7:30 pm,94,123
Houston Rockets,Utah Jazz,Mon Feb 26 2018,9:00 pm,96,85
Chicago Bulls,Charlotte Hornets,Tue Feb 27 2018,7:00 pm,103,118
Brooklyn Nets,Cleveland Cavaliers,Tue Feb 27 2018,7:00 pm,123,129
Los Angeles Clippers,Denver Nuggets,Tue Feb 27 2018,10:30 pm,122,120
Philadelphia 76ers,Miami Heat,Tue Feb 27 2018,7:30 pm,101,102
Washington Wizards,Milwaukee Bucks,Tue Feb 27 2018,8:00 pm,107,104
Sacramento Kings,Portland Trail Blazers,Tue Feb 27 2018,10:00 pm,99,116
Indiana Pacers,Atlanta Hawks,Wed Feb 28 2018,7:30 pm,102,107
Charlotte Hornets,Boston Celtics,Wed Feb 28 2018,7:30 pm,106,134
Oklahoma City Thunder,Dallas Mavericks,Wed Feb 28 2018,8:30 pm,111,110
Milwaukee Bucks,Detroit Pistons,Wed Feb 28 2018,7:00 pm,87,110
Houston Rockets,Los Angeles Clippers,Wed Feb 28 2018,10:30 pm,105,92
Phoenix Suns,Memphis Grizzlies,Wed Feb 28 2018,8:00 pm,110,102
Toronto Raptors,Orlando Magic,Wed Feb 28 2018,7:00 pm,117,104
New Orleans Pelicans,San Antonio Spurs,Wed Feb 28 2018,8:30 pm,121,116
Golden State Warriors,Washington Wizards,Wed Feb 28 2018,8:00 pm,109,101
Philadelphia 76ers,Cleveland Cavaliers,Thu Mar 1 2018,8:00 pm,108,97
Los Angeles Lakers,Miami Heat,Thu Mar 1 2018,7:30 pm,131,113
Minnesota Timberwolves,Portland Trail Blazers,Thu Mar 1 2018,10:30 pm,99,108
Brooklyn Nets,Sacramento Kings,Thu Mar 1 2018,10:00 pm,111,116
Golden State Warriors,Atlanta Hawks,Fri Mar 2 2018,7:30 pm,114,109
Dallas Mavericks,Chicago Bulls,Fri Mar 2 2018,8:00 pm,100,108
New York Knicks,Los Angeles Clippers,Fri Mar 2 2018,10:30 pm,105,128
Denver Nuggets,Memphis Grizzlies,Fri Mar 2 2018,8:00 pm,108,102
Indiana Pacers,Milwaukee Bucks,Fri Mar 2 2018,8:00 pm,103,96
Detroit Pistons,Orlando Magic,Fri Mar 2 2018,7:00 pm,106,115
Charlotte Hornets,Philadelphia 76ers,Fri Mar 2 2018,7:00 pm,99,110
Oklahoma City Thunder,Phoenix Suns,Fri Mar 2 2018,9:00 pm,124,116
Minnesota Timberwolves,Utah Jazz,Fri Mar 2 2018,10:30 pm,108,116
Toronto Raptors,Washington Wizards,Fri Mar 2 2018,8:00 pm,102,95
Denver Nuggets,Cleveland Cavaliers,Sat Mar 3 2018,7:30 pm,126,117
Boston Celtics,Houston Rockets,Sat Mar 3 2018,8:30 pm,120,123
Detroit Pistons,Miami Heat,Sat Mar 3 2018,7:30 pm,96,105
Memphis Grizzlies,Orlando Magic,Sat Mar 3 2018,7:00 pm,100,107
Oklahoma City Thunder,Portland Trail Blazers,Sat Mar 3 2018,10:00 pm,100,108
Utah Jazz,Sacramento Kings,Sat Mar 3 2018,10:00 pm,98,91
Los Angeles Lakers,San Antonio Spurs,Sat Mar 3 2018,9:00 pm,116,112
Phoenix Suns,Atlanta Hawks,Sun Mar 4 2018,3:30 pm,112,113
New Orleans Pelicans,Dallas Mavericks,Sun Mar 4 2018,7:00 pm,126,109
Brooklyn Nets,Los Angeles Clippers,Sun Mar 4 2018,9:00 pm,120,123
Philadelphia 76ers,Milwaukee Bucks,Sun Mar 4 2018,8:00 pm,110,118
New York Knicks,Sacramento Kings,Sun Mar 4 2018,9:00 pm,99,102
Charlotte Hornets,Toronto Raptors,Sun Mar 4 2018,6:00 pm,98,103
Indiana Pacers,Washington Wizards,Sun Mar 4 2018,6:00 pm,98,95
Boston Celtics,Chicago Bulls,Mon Mar 5 2018,8:00 pm,105,89
Detroit Pistons,Cleveland Cavaliers,Mon Mar 5 2018,7:00 pm,90,112
Milwaukee Bucks,Indiana Pacers,Mon Mar 5 2018,7:00 pm,89,92
Portland Trail Blazers,Los Angeles Lakers,Mon Mar 5 2018,10:30 pm,108,103
Phoenix Suns,Miami Heat,Mon Mar 5 2018,7:30 pm,103,125
Memphis Grizzlies,San Antonio Spurs,Mon Mar 5 2018,8:30 pm,98,100
Orlando Magic,Utah Jazz,Mon Mar 5 2018,9:00 pm,80,94
Philadelphia 76ers,Charlotte Hornets,Tue Mar 6 2018,7:00 pm,128,114
Denver Nuggets,Dallas Mavericks,Tue Mar 6 2018,8:30 pm,107,118
Brooklyn Nets,Golden State Warriors,Tue Mar 6 2018,10:30 pm,101,114
New Orleans Pelicans,Los Angeles Clippers,Tue Mar 6 2018,10:30 pm,121,116
Houston Rockets,Oklahoma City Thunder,Tue Mar 6 2018,8:00 pm,122,112
New York Knicks,Portland Trail Blazers,Tue Mar 6 2018,10:00 pm,87,111
Atlanta Hawks,Toronto Raptors,Tue Mar 6 2018,7:00 pm,90,106
Miami Heat,Washington Wizards,Tue Mar 6 2018,7:00 pm,113,117
Memphis Grizzlies,Chicago Bulls,Wed Mar 7 2018,8:00 pm,110,119
Cleveland Cavaliers,Denver Nuggets,Wed Mar 7 2018,10:30 pm,113,108
Toronto Raptors,Detroit Pistons,Wed Mar 7 2018,8:00 pm,121,119
Utah Jazz,Indiana Pacers,Wed Mar 7 2018,7:00 pm,104,84
Orlando Magic,Los Angeles Lakers,Wed Mar 7 2018,10:30 pm,107,108
Houston Rockets,Milwaukee Bucks,Wed Mar 7 2018,8:00 pm,110,99
New Orleans Pelicans,Sacramento Kings,Wed Mar 7 2018,10:00 pm,114,101
Brooklyn Nets,Charlotte Hornets,Thu Mar 8 2018,7:00 pm,125,111
San Antonio Spurs,Golden State Warriors,Thu Mar 8 2018,10:30 pm,107,110
Philadelphia 76ers,Miami Heat,Thu Mar 8 2018,7:30 pm,99,108
Boston Celtics,Minnesota Timberwolves,Thu Mar 8 2018,8:00 pm,117,109
Phoenix Suns,Oklahoma City Thunder,Thu Mar 8 2018,8:00 pm,87,115
Los Angeles Lakers,Denver Nuggets,Fri Mar 9 2018,9:00 pm,116,125
Chicago Bulls,Detroit Pistons,Fri Mar 9 2018,7:00 pm,83,99
Atlanta Hawks,Indiana Pacers,Fri Mar 9 2018,7:00 pm,87,112
Cleveland Cavaliers,Los Angeles Clippers,Fri Mar 9 2018,10:30 pm,102,116
Utah Jazz,Memphis Grizzlies,Fri Mar 9 2018,8:00 pm,95,78
New York Knicks,Milwaukee Bucks,Fri Mar 9 2018,8:00 pm,112,120
Washington Wizards,New Orleans Pelicans,Fri Mar 9 2018,8:00 pm,116,97
Golden State Warriors,Portland Trail Blazers,Fri Mar 9 2018,10:00 pm,108,125
Orlando Magic,Sacramento Kings,Fri Mar 9 2018,10:00 pm,88,94
Houston Rockets,Toronto Raptors,Fri Mar 9 2018,7:30 pm,105,108
Phoenix Suns,Charlotte Hornets,Sat Mar 10 2018,5:00 pm,115,122
Memphis Grizzlies,Dallas Mavericks,Sat Mar 10 2018,8:30 pm,80,114
Orlando Magic,Los Angeles Clippers,Sat Mar 10 2018,10:30 pm,105,113
Washington Wizards,Miami Heat,Sat Mar 10 2018,7:30 pm,102,129
San Antonio Spurs,Oklahoma City Thunder,Sat Mar 10 2018,8:30 pm,94,104
Chicago Bulls,Atlanta Hawks,Sun Mar 11 2018,3:30 pm,129,122
Indiana Pacers,Boston Celtics,Sun Mar 11 2018,7:30 pm,99,97
Philadelphia 76ers,Brooklyn Nets,Sun Mar 11 2018,7:30 pm,120,97
Houston Rockets,Dallas Mavericks,Sun Mar 11 2018,7:00 pm,105,82
Sacramento Kings,Denver Nuggets,Sun Mar 11 2018,5:00 pm,104,130
Cleveland Cavaliers,Los Angeles Lakers,Sun Mar 11 2018,9:00 pm,113,127
Golden State Warriors,Minnesota Timberwolves,Sun Mar 11 2018,3:30 pm,103,109
Utah Jazz,New Orleans Pelicans,Sun Mar 11 2018,4:00 pm,116,99
Toronto Raptors,New York Knicks,Sun Mar 11 2018,1:00 pm,132,106
San Antonio Spurs,Houston Rockets,Mon Mar 12 2018,8:00 pm,93,109
Milwaukee Bucks,Memphis Grizzlies,Mon Mar 12 2018,8:00 pm,121,103
Sacramento Kings,Oklahoma City Thunder,Mon Mar 12 2018,8:00 pm,101,106
Miami Heat,Portland Trail Blazers,Mon Mar 12 2018,10:30 pm,99,115
Oklahoma City Thunder,Atlanta Hawks,Tue Mar 13 2018,7:30 pm,119,107
Toronto Raptors,Brooklyn Nets,Tue Mar 13 2018,7:30 pm,116,102
Los Angeles Clippers,Chicago Bulls,Tue Mar 13 2018,8:00 pm,112,106
Denver Nuggets,Los Angeles Lakers,Tue Mar 13 2018,10:30 pm,103,112
Charlotte Hornets,New Orleans Pelicans,Tue Mar 13 2018,8:00 pm,115,119
Dallas Mavericks,New York Knicks,Tue Mar 13 2018,7:30 pm,110,97
Indiana Pacers,Philadelphia 76ers,Tue Mar 13 2018,7:00 pm,101,98
Cleveland Cavaliers,Phoenix Suns,Tue Mar 13 2018,10:00 pm,129,107
Orlando Magic,San Antonio Spurs,Tue Mar 13 2018,8:30 pm,72,108
Detroit Pistons,Utah Jazz,Tue Mar 13 2018,9:00 pm,79,110
Minnesota Timberwolves,Washington Wizards,Tue Mar 13 2018,7:00 pm,116,111
Washington Wizards,Boston Celtics,Wed Mar 14 2018,8:00 pm,125,124
Los Angeles Lakers,Golden State Warriors,Wed Mar 14 2018,10:30 pm,106,117
Milwaukee Bucks,Orlando Magic,Wed Mar 14 2018,7:00 pm,117,126
Miami Heat,Sacramento Kings,Wed Mar 14 2018,10:00 pm,119,123
Charlotte Hornets,Atlanta Hawks,Thu Mar 15 2018,7:30 pm,129,117
Detroit Pistons,Denver Nuggets,Thu Mar 15 2018,9:00 pm,113,120
Los Angeles Clippers,Houston Rockets,Thu Mar 15 2018,8:00 pm,96,101
Toronto Raptors,Indiana Pacers,Thu Mar 15 2018,7:00 pm,106,99
Chicago Bulls,Memphis Grizzlies,Thu Mar 15 2018,8:00 pm,111,110
Philadelphia 76ers,New York Knicks,Thu Mar 15 2018,7:30 pm,118,110
Cleveland Cavaliers,Portland Trail Blazers,Thu Mar 15 2018,10:00 pm,105,113
New Orleans Pelicans,San Antonio Spurs,Thu Mar 15 2018,8:30 pm,93,98
Phoenix Suns,Utah Jazz,Thu Mar 15 2018,9:00 pm,88,116
Sacramento Kings,Golden State Warriors,Fri Mar 16 2018,10:30 pm,98,93
Miami Heat,Los Angeles Lakers,Fri Mar 16 2018,10:30 pm,92,91
Los Angeles Clippers,Oklahoma City Thunder,Fri Mar 16 2018,8:00 pm,113,121
Boston Celtics,Orlando Magic,Fri Mar 16 2018,7:00 pm,92,83
Brooklyn Nets,Philadelphia 76ers,Fri Mar 16 2018,7:00 pm,116,120
Dallas Mavericks,Toronto Raptors,Fri Mar 16 2018,7:30 pm,115,122
Dallas Mavericks,Brooklyn Nets,Sat Mar 17 2018,7:30 pm,106,114
Cleveland Cavaliers,Chicago Bulls,Sat Mar 17 2018,8:00 pm,114,109
Denver Nuggets,Memphis Grizzlies,Sat Mar 17 2018,8:00 pm,94,101
Atlanta Hawks,Milwaukee Bucks,Sat Mar 17 2018,6:00 pm,117,122
Houston Rockets,New Orleans Pelicans,Sat Mar 17 2018,7:00 pm,107,101
Charlotte Hornets,New York Knicks,Sat Mar 17 2018,7:30 pm,101,124
Golden State Warriors,Phoenix Suns,Sat Mar 17 2018,10:00 pm,124,109
Detroit Pistons,Portland Trail Blazers,Sat Mar 17 2018,10:00 pm,87,100
Minnesota Timberwolves,San Antonio Spurs,Sat Mar 17 2018,8:30 pm,101,117
Sacramento Kings,Utah Jazz,Sat Mar 17 2018,9:00 pm,97,103
Indiana Pacers,Washington Wizards,Sat Mar 17 2018,7:00 pm,102,109
Portland Trail Blazers,Los Angeles Clippers,Sun Mar 18 2018,10:30 pm,122,109
Houston Rockets,Minnesota Timberwolves,Sun Mar 18 2018,7:00 pm,129,120
Boston Celtics,New Orleans Pelicans,Sun Mar 18 2018,6:00 pm,89,108
Oklahoma City Thunder,Toronto Raptors,Sun Mar 18 2018,1:00 pm,132,125
Memphis Grizzlies,Brooklyn Nets,Mon Mar 19 2018,7:30 pm,115,118
Milwaukee Bucks,Cleveland Cavaliers,Mon Mar 19 2018,7:00 pm,117,124
Los Angeles Lakers,Indiana Pacers,Mon Mar 19 2018,7:00 pm,100,110
Denver Nuggets,Miami Heat,Mon Mar 19 2018,7:30 pm,141,149
Chicago Bulls,New York Knicks,Mon Mar 19 2018,7:30 pm,92,110
Charlotte Hornets,Philadelphia 76ers,Mon Mar 19 2018,7:00 pm,94,108
Detroit Pistons,Sacramento Kings,Mon Mar 19 2018,10:00 pm,106,90
Golden State Warriors,San Antonio Spurs,Mon Mar 19 2018,9:30 pm,75,89
Oklahoma City Thunder,Boston Celtics,Tue Mar 20 2018,8:00 pm,99,100
Los Angeles Clippers,Minnesota Timberwolves,Tue Mar 20 2018,8:00 pm,109,123
Dallas Mavericks,New Orleans Pelicans,Tue Mar 20 2018,8:00 pm,105,115
Toronto Raptors,Orlando Magic,Tue Mar 20 2018,7:00 pm,93,86
Detroit Pistons,Phoenix Suns,Tue Mar 20 2018,10:00 pm,115,88
Houston Rockets,Portland Trail Blazers,Tue Mar 20 2018,10:30 pm,115,111
Atlanta Hawks,Utah Jazz,Tue Mar 20 2018,9:00 pm,99,94
Charlotte Hornets,Brooklyn Nets,Wed Mar 21 2018,7:30 pm,111,105
Denver Nuggets,Chicago Bulls,Wed Mar 21 2018,8:00 pm,135,102
Toronto Raptors,Cleveland Cavaliers,Wed Mar 21 2018,7:00 pm,129,132
New York Knicks,Miami Heat,Wed Mar 21 2018,7:30 pm,98,119
Los Angeles Clippers,Milwaukee Bucks,Wed Mar 21 2018,8:00 pm,127,120
Indiana Pacers,New Orleans Pelicans,Wed Mar 21 2018,8:00 pm,92,96
Memphis Grizzlies,Philadelphia 76ers,Wed Mar 21 2018,7:00 pm,105,119
Washington Wizards,San Antonio Spurs,Wed Mar 21 2018,9:30 pm,90,98
Memphis Grizzlies,Charlotte Hornets,Thu Mar 22 2018,7:00 pm,79,140
Utah Jazz,Dallas Mavericks,Thu Mar 22 2018,8:30 pm,119,112
Detroit Pistons,Houston Rockets,Thu Mar 22 2018,8:00 pm,96,100
Los Angeles Lakers,New Orleans Pelicans,Thu Mar 22 2018,8:00 pm,125,128
Philadelphia 76ers,Orlando Magic,Thu Mar 22 2018,7:00 pm,118,98
Atlanta Hawks,Sacramento Kings,Thu Mar 22 2018,10:00 pm,90,105
Milwaukee Bucks,Chicago Bulls,Fri Mar 23 2018,8:00 pm,118,105
Phoenix Suns,Cleveland Cavaliers,Fri Mar 23 2018,7:30 pm,95,120
Atlanta Hawks,Golden State Warriors,Fri Mar 23 2018,10:30 pm,94,106
Los Angeles Clippers,Indiana Pacers,Fri Mar 23 2018,7:00 pm,104,109
Minnesota Timberwolves,New York Knicks,Fri Mar 23 2018,7:30 pm,108,104
Miami Heat,Oklahoma City Thunder,Fri Mar 23 2018,8:00 pm,99,105
Boston Celtics,Portland Trail Blazers,Fri Mar 23 2018,10:00 pm,105,100
Utah Jazz,San Antonio Spurs,Fri Mar 23 2018,8:30 pm,120,124
Brooklyn Nets,Toronto Raptors,Fri Mar 23 2018,7:30 pm,112,116
Denver Nuggets,Washington Wizards,Fri Mar 23 2018,7:00 pm,108,100
Charlotte Hornets,Dallas Mavericks,Sat Mar 24 2018,8:30 pm,102,98
Chicago Bulls,Detroit Pistons,Sat Mar 24 2018,7:00 pm,95,117
New Orleans Pelicans,Houston Rockets,Sat Mar 24 2018,8:00 pm,91,114
Los Angeles Lakers,Memphis Grizzlies,Sat Mar 24 2018,8:00 pm,100,93
Phoenix Suns,Orlando Magic,Sat Mar 24 2018,7:00 pm,99,105
Minnesota Timberwolves,Philadelphia 76ers,Sat Mar 24 2018,6:00 pm,108,120
Cleveland Cavaliers,Brooklyn Nets,Sun Mar 25 2018,1:00 pm,121,114
Utah Jazz,Golden State Warriors,Sun Mar 25 2018,8:30 pm,110,91
Atlanta Hawks,Houston Rockets,Sun Mar 25 2018,8:00 pm,99,118
Miami Heat,Indiana Pacers,Sun Mar 25 2018,5:00 pm,107,113
San Antonio Spurs,Milwaukee Bucks,Sun Mar 25 2018,3:30 pm,103,106
Portland Trail Blazers,Oklahoma City Thunder,Sun Mar 25 2018,7:00 pm,108,105
Boston Celtics,Sacramento Kings,Sun Mar 25 2018,6:00 pm,104,93
Los Angeles Clippers,Toronto Raptors,Sun Mar 25 2018,6:00 pm,117,106
New York Knicks,Washington Wizards,Sun Mar 25 2018,6:00 pm,101,97
New York Knicks,Charlotte Hornets,Mon Mar 26 2018,7:00 pm,128,137
Los Angeles Lakers,Detroit Pistons,Mon Mar 26 2018,7:00 pm,106,112
Memphis Grizzlies,Minnesota Timberwolves,Mon Mar 26 2018,8:00 pm,101,93
Denver Nuggets,Philadelphia 76ers,Mon Mar 26 2018,7:00 pm,104,123
Boston Celtics,Phoenix Suns,Mon Mar 26 2018,10:00 pm,102,94
Indiana Pacers,Golden State Warriors,Tue Mar 27 2018,10:30 pm,92,81
Chicago Bulls,Houston Rockets,Tue Mar 27 2018,8:00 pm,86,118
Milwaukee Bucks,Los Angeles Clippers,Tue Mar 27 2018,10:30 pm,98,105
Cleveland Cavaliers,Miami Heat,Tue Mar 27 2018,8:00 pm,79,98
Portland Trail Blazers,New Orleans Pelicans,Tue Mar 27 2018,8:00 pm,107,103
Dallas Mavericks,Sacramento Kings,Tue Mar 27 2018,10:00 pm,103,97
Denver Nuggets,Toronto Raptors,Tue Mar 27 2018,7:30 pm,110,114
San Antonio Spurs,Washington Wizards,Tue Mar 27 2018,7:00 pm,106,116
Cleveland Cavaliers,Charlotte Hornets,Wed Mar 28 2018,7:00 pm,118,105
Dallas Mavericks,Los Angeles Lakers,Wed Mar 28 2018,10:30 pm,93,103
Portland Trail Blazers,Memphis Grizzlies,Wed Mar 28 2018,8:00 pm,103,108
Atlanta Hawks,Minnesota Timberwolves,Wed Mar 28 2018,8:00 pm,114,126
Brooklyn Nets,Orlando Magic,Wed Mar 28 2018,7:00 pm,111,104
New York Knicks,Philadelphia 76ers,Wed Mar 28 2018,7:00 pm,101,118
Los Angeles Clippers,Phoenix Suns,Wed Mar 28 2018,10:00 pm,111,99
Boston Celtics,Utah Jazz,Wed Mar 28 2018,9:30 pm,97,94
Washington Wizards,Detroit Pistons,Thu Mar 29 2018,7:00 pm,92,103
Milwaukee Bucks,Golden State Warriors,Thu Mar 29 2018,10:30 pm,116,107
Chicago Bulls,Miami Heat,Thu Mar 29 2018,7:30 pm,92,103
Indiana Pacers,Sacramento Kings,Thu Mar 29 2018,10:00 pm,106,103
Oklahoma City Thunder,San Antonio Spurs,Thu Mar 29 2018,8:00 pm,99,103
Philadelphia 76ers,Atlanta Hawks,Fri Mar 30 2018,7:30 pm,101,91
New Orleans Pelicans,Cleveland Cavaliers,Fri Mar 30 2018,8:00 pm,102,107
Minnesota Timberwolves,Dallas Mavericks,Fri Mar 30 2018,8:30 pm,93,92
Phoenix Suns,Houston Rockets,Fri Mar 30 2018,8:00 pm,103,104
Milwaukee Bucks,Los Angeles Lakers,Fri Mar 30 2018,10:30 pm,124,122
Denver Nuggets,Oklahoma City Thunder,Fri Mar 30 2018,8:00 pm,126,125
Chicago Bulls,Orlando Magic,Fri Mar 30 2018,7:00 pm,90,82
Los Angeles Clippers,Portland Trail Blazers,Fri Mar 30 2018,10:30 pm,96,105
Memphis Grizzlies,Utah Jazz,Fri Mar 30 2018,9:00 pm,97,107
Toronto Raptors,Boston Celtics,Sat Mar 31 2018,7:30 pm,99,110
Brooklyn Nets,Miami Heat,Sat Mar 31 2018,8:00 pm,110,109
Detroit Pistons,New York Knicks,Sat Mar 31 2018,5:00 pm,115,109
Golden State Warriors,Sacramento Kings,Sat Mar 31 2018,10:00 pm,112,96
Charlotte Hornets,Washington Wizards,Sat Mar 31 2018,3:00 pm,93,107
Orlando Magic,Atlanta Hawks,Sun Apr 1 2018,6:00 pm,88,94
Detroit Pistons,Brooklyn Nets,Sun Apr 1 2018,6:00 pm,108,96
Washington Wizards,Chicago Bulls,Sun Apr 1 2018,3:30 pm,94,113
Philadelphia 76ers,Charlotte Hornets,Sun Apr 1 2018,1:00 pm,119,102
Dallas Mavericks,Cleveland Cavaliers,Sun Apr 1 2018,6:00 pm,87,98
Milwaukee Bucks,Denver Nuggets,Sun Apr 1 2018,8:00 pm,125,128
Phoenix Suns,Golden State Warriors,Sun Apr 1 2018,8:30 pm,107,117
Indiana Pacers,Los Angeles Clippers,Sun Apr 1 2018,3:30 pm,111,104
Sacramento Kings,Los Angeles Lakers,Sun Apr 1 2018,9:30 pm,84,83
Utah Jazz,Minnesota Timberwolves,Sun Apr 1 2018,7:00 pm,121,97
Oklahoma City Thunder,New Orleans Pelicans,Sun Apr 1 2018,6:00 pm,109,104
Memphis Grizzlies,Portland Trail Blazers,Sun Apr 1 2018,9:00 pm,98,113
Houston Rockets,San Antonio Spurs,Sun Apr 1 2018,3:30 pm,83,100
Charlotte Hornets,Chicago Bulls,Tue Apr 3 2018,8:00 pm,114,120
Toronto Raptors,Cleveland Cavaliers,Tue Apr 3 2018,7:00 pm,106,112
Portland Trail Blazers,Dallas Mavericks,Tue Apr 3 2018,8:30 pm,109,115
Indiana Pacers,Denver Nuggets,Tue Apr 3 2018,9:00 pm,104,107
Washington Wizards,Houston Rockets,Tue Apr 3 2018,8:00 pm,104,120
San Antonio Spurs,Los Angeles Clippers,Tue Apr 3 2018,10:30 pm,110,113
Atlanta Hawks,Miami Heat,Tue Apr 3 2018,7:30 pm,98,101
Boston Celtics,Milwaukee Bucks,Tue Apr 3 2018,8:00 pm,102,106
Orlando Magic,New York Knicks,Tue Apr 3 2018,7:30 pm,97,73
Golden State Warriors,Oklahoma City Thunder,Tue Apr 3 2018,8:00 pm,111,107
Brooklyn Nets,Philadelphia 76ers,Tue Apr 3 2018,7:00 pm,95,121
Sacramento Kings,Phoenix Suns,Tue Apr 3 2018,10:00 pm,94,97
Los Angeles Lakers,Utah Jazz,Tue Apr 3 2018,9:00 pm,110,117
Miami Heat,Atlanta Hawks,Wed Apr 4 2018,7:30 pm,115,86
Philadelphia 76ers,Detroit Pistons,Wed Apr 4 2018,7:00 pm,115,108
San Antonio Spurs,Los Angeles Lakers,Wed Apr 4 2018,10:30 pm,112,122
Memphis Grizzlies,New Orleans Pelicans,Wed Apr 4 2018,8:00 pm,95,123
Dallas Mavericks,Orlando Magic,Wed Apr 4 2018,7:00 pm,100,105
Boston Celtics,Toronto Raptors,Wed Apr 4 2018,8:00 pm,78,96
Washington Wizards,Cleveland Cavaliers,Thu Apr 5 2018,8:00 pm,115,119
Minnesota Timberwolves,Denver Nuggets,Thu Apr 5 2018,10:30 pm,96,100
Portland Trail Blazers,Houston Rockets,Thu Apr 5 2018,8:00 pm,94,96
Golden State Warriors,Indiana Pacers,Thu Apr 5 2018,7:00 pm,106,126
Brooklyn Nets,Milwaukee Bucks,Thu Apr 5 2018,8:00 pm,119,111
Los Angeles Clippers,Utah Jazz,Thu Apr 5 2018,9:00 pm,95,117
Chicago Bulls,Boston Celtics,Fri Apr 6 2018,7:30 pm,104,111
Dallas Mavericks,Detroit Pistons,Fri Apr 6 2018,7:00 pm,106,113
Minnesota Timberwolves,Los Angeles Lakers,Fri Apr 6 2018,10:30 pm,113,96
Sacramento Kings,Memphis Grizzlies,Fri Apr 6 2018,8:00 pm,94,93
Miami Heat,New York Knicks,Fri Apr 6 2018,7:30 pm,98,122
Charlotte Hornets,Orlando Magic,Fri Apr 6 2018,7:00 pm,137,100
Cleveland Cavaliers,Philadelphia 76ers,Fri Apr 6 2018,7:00 pm,130,132
New Orleans Pelicans,Phoenix Suns,Fri Apr 6 2018,10:00 pm,122,103
Indiana Pacers,Toronto Raptors,Fri Apr 6 2018,7:30 pm,73,92
Atlanta Hawks,Washington Wizards,Fri Apr 6 2018,7:00 pm,103,97
Brooklyn Nets,Chicago Bulls,Sat Apr 7 2018,8:00 pm,124,96
New Orleans Pelicans,Golden State Warriors,Sat Apr 7 2018,8:30 pm,126,120
Oklahoma City Thunder,Houston Rockets,Sat Apr 7 2018,8:30 pm,108,102
Denver Nuggets,Los Angeles Clippers,Sat Apr 7 2018,3:30 pm,134,115
Milwaukee Bucks,New York Knicks,Sat Apr 7 2018,7:30 pm,115,102
Portland Trail Blazers,San Antonio Spurs,Sat Apr 7 2018,9:00 pm,105,116
Atlanta Hawks,Boston Celtics,Sun Apr 8 2018,1:00 pm,112,106
Indiana Pacers,Charlotte Hornets,Sun Apr 8 2018,1:00 pm,123,117
Utah Jazz,Los Angeles Lakers,Sun Apr 8 2018,6:00 pm,112,97
Detroit Pistons,Memphis Grizzlies,Sun Apr 8 2018,3:30 pm,117,130
Dallas Mavericks,Philadelphia 76ers,Sun Apr 8 2018,1:00 pm,97,109
Golden State Warriors,Phoenix Suns,Sun Apr 8 2018,9:00 pm,117,100
Orlando Magic,Toronto Raptors,Sun Apr 8 2018,6:00 pm,101,112
Chicago Bulls,Brooklyn Nets,Mon Apr 9 2018,7:30 pm,105,114
Portland Trail Blazers,Denver Nuggets,Mon Apr 9 2018,9:00 pm,82,88
Toronto Raptors,Detroit Pistons,Mon Apr 9 2018,7:00 pm,108,98
New Orleans Pelicans,Los Angeles Clippers,Mon Apr 9 2018,10:30 pm,113,100
Oklahoma City Thunder,Miami Heat,Mon Apr 9 2018,7:30 pm,115,93
Orlando Magic,Milwaukee Bucks,Mon Apr 9 2018,8:00 pm,86,102
Memphis Grizzlies,Minnesota Timberwolves,Mon Apr 9 2018,8:00 pm,94,113
Cleveland Cavaliers,New York Knicks,Mon Apr 9 2018,7:30 pm,123,109
Sacramento Kings,San Antonio Spurs,Mon Apr 9 2018,8:30 pm,85,98
Philadelphia 76ers,Atlanta Hawks,Tue Apr 10 2018,7:30 pm,121,113
Phoenix Suns,Dallas Mavericks,Tue Apr 10 2018,8:30 pm,124,97
Charlotte Hornets,Indiana Pacers,Tue Apr 10 2018,7:00 pm,119,93
Houston Rockets,Los Angeles Lakers,Tue Apr 10 2018,10:30 pm,105,99
Golden State Warriors,Utah Jazz,Tue Apr 10 2018,9:00 pm,79,119
Boston Celtics,Washington Wizards,Tue Apr 10 2018,8:00 pm,101,113
Brooklyn Nets,Boston Celtics,Wed Apr 11 2018,8:00 pm,97,110
Detroit Pistons,Chicago Bulls,Wed Apr 11 2018,8:00 pm,119,87
New York Knicks,Cleveland Cavaliers,Wed Apr 11 2018,8:00 pm,110,98
Los Angeles Lakers,Los Angeles Clippers,Wed Apr 11 2018,10:30 pm,115,100
Toronto Raptors,Miami Heat,Wed Apr 11 2018,8:00 pm,109,116
Denver Nuggets,Minnesota Timberwolves,Wed Apr 11 2018,8:00 pm,106,112
San Antonio Spurs,New Orleans Pelicans,Wed Apr 11 2018,8:00 pm,98,122
Memphis Grizzlies,Oklahoma City Thunder,Wed Apr 11 2018,8:00 pm,123,137
Washington Wizards,Orlando Magic,Wed Apr 11 2018,8:00 pm,92,101
Milwaukee Bucks,Philadelphia 76ers,Wed Apr 11 2018,8:00 pm,95,130
Utah Jazz,Portland Trail Blazers,Wed Apr 11 2018,10:30 pm,93,102
Houston Rockets,Sacramento Kings,Wed Apr 11 2018,10:30 pm,83,96
